idx,Original Sentence,Actual Answer,Baseline Sentence Incorrect,Commonsense Sentence Incorrect
0,aspect analysis: I thanked my friend who recommended me this restaurant and will certainly recommend it to others.,restaurant positive,restaurant positive <sep> others neutral,positive <sep> restaurant neutral
1,"aspect analysis: If you don't mind pre-sliced low quality fish, unfriendly staff and a sushi chef that looks like he is miserable then this is your place.",fish negative <sep> staff negative <sep> sushi chef negative,,pre-sliced low quality fish neutral <sep> staff negative
2,"aspect analysis: The wait staff is very freindly, they make it feel like you're eating in a freindly little european town.",wait staff positive,wait staff positive <sep> eating neutral,wait staff positive <sep> european town neutral
3,aspect analysis: The food was mediocre at best but it was the horrible service that made me vow never to go back.,food negative <sep> service negative,food neutral <sep> service negative,
4,"aspect analysis: but when we looked at the menu, there weren't a lot of choices, most of them were dumplings in the appetizer section.",menu negative,menu neutral <sep> dumplings negative <sep> appetizer section neutral,menu neutral <sep> choices negative
5,aspect analysis: The takeout is great too since they give high quality tupperware as well.,takeout positive,takeout positive <sep> tupperware positive,takeout positive <sep> tupperware positive
6,"aspect analysis: My party had the BBE $29 fixe prix menu, which was such a wonderful deal since it also came with a flight of sake!",BBE $29 fixe prix menu positive,fixe prix menu neutral <sep> flight neutral <sep> sake positive,fixe prix menu positive <sep> sake neutral
7,"aspect analysis: With so many good restaurants on the UWS, I don't need overpriced food, absurdly arrogant wait-staff who don't recognize they work at a glorified diner, clumsy service, and management that doesn't care.",food negative <sep> wait-staff negative <sep> service negative <sep> management negative,food negative <sep> diner neutral <sep> service negative <sep> management negative,food negative <sep> wait-staff negative <sep> diner neutral <sep> service negative
8,aspect analysis: We took advanatage of the half price sushi deal on saturday so it was well worth it.,half price sushi deal positive,price neutral <sep> sushi positive,half price sushi positive <sep> it positive
9,aspect analysis: I had Lobster Bisque it has 2 oz. of Maine Lobster in it.,Lobster Bisque positive,Lobster Bisque positive <sep> Maine Lobster neutral,Lobster Bisque neutral <sep> Maine Lobster positive
10,"aspect analysis: whoever the jazz duo was, they were on POINT.",jazz duo positive,jazz duo positive <sep> POINT neutral,jazz duo neutral <sep> POINT positive
11,"aspect analysis: im not necessarily fanatical about this place, but it was a fun time for low pirces.",place positive,place negative <sep> pirces positive,place negative <sep> pirces positive
12,"aspect analysis: The food was very good, a great deal, and the place its self was great.",food positive <sep> place positive,,food positive <sep> place neutral
13,"aspect analysis: All in all, I would return - as it was a beautiful restaurant - but I hope the staff pays more attention to the little details in the future.",restaurant positive <sep> staff negative,staff positive <sep> details neutral,staff negative <sep> future neutral
14,aspect analysis: I literally just got back home after visiting Casa La Femme and was so offended by my visit felt it necessary to try and warn other diners who value their money and time.,Casa La Femme negative,Casa neutral <sep> diners positive,Casa neutral <sep> diners negative
15,"aspect analysis: The pizza is delicious - they use fresh mozzarella instead of the cheap, frozen, shredded cheese common to most pizzaria's.",pizza positive <sep> fresh mozzarella positive,pizza positive <sep> cheese neutral,pizza positive <sep> mozzarella positive <sep> cheese positive
16,"aspect analysis: With the exception of our lemon salad that had so much pepper on it that our eyes started watering, the food here was decent, not great.",food neutral <sep> lemon salad negative,lemon salad neutral <sep> pepper negative <sep> food positive,lemon salad neutral <sep> pepper negative <sep> food positive
17,"aspect analysis: Over the years the host, Vittorio, and his crew, have always treated me as family--although with all the business this not-so-little gem does, it amazing he's even able to remember a consistent but not-so-frequent visitor.",Vittorio positive <sep> crew positive,host positive <sep> crew positive,host positive <sep> crew positive <sep> business neutral
19,aspect analysis: We had the scallops as an appetizer and they were delicious and the sauce was wonderful.,scallops positive <sep> sauce positive,scallops positive <sep> appetizer neutral <sep> sauce positive,scallops neutral <sep> appetizer neutral <sep> sauce positive
20,aspect analysis: My boyfriend had Prime Rib it was good .,Prime Rib positive,Prime Rib positive <sep> prime neutral,
21,"aspect analysis: To sum it up: Service varies from good to mediorce, depending on which waiter you get; generally it is just average Ok.",Service neutral,Service neutral <sep> waiter negative,Service negative <sep> waiter neutral
22,aspect analysis: I have to highly recommend the lobster roll - not to much mayo; you can tell it was a fresh lobster.,lobster roll positive <sep> lobster positive,lobster roll positive <sep> mayo negative,lobster roll positive <sep> mayo negative
23,aspect analysis: Try their chef's specials-- they are to die for.,chef's specials positive,chef neutral <sep> specials positive,chef neutral <sep> specials positive
24,aspect analysis: My boyfriend had the New England Chowder it was good but I think the award should go to the Lobster Bisque.,New England Chowder positive <sep> Lobster Bisque positive,New England Chowder positive <sep> Lobster Bisque neutral,New England Chowder positive <sep> Lobster Bisque neutral
25,"aspect analysis: I found it on a cold night, the perfect spot to warm up.",spot positive,spot positive <sep> spot neutral,
26,aspect analysis: The boths are not as small as some of the reviews make them out to look they're perfect for 2 people.,boths positive,reviews neutral <sep> 2 positive,twos negative <sep> reviews neutral
27,"aspect analysis: Don't judge this place prima facie, you have to try it to believe it, a home away from home for the literate heart.",place positive,place positive <sep> heart positive,place negative <sep> heart positive
28,"aspect analysis: I have it a 4 instead of 5 because of the price (just chicken tikka masala - no bread of rice - is $25), which I would expect at a upscale Indian restaurant but this place doesn't have an upscale feel.",place positive <sep> place negative <sep> chicken tikka masala negative <sep> feel negative,price neutral <sep> chicken tikka masala neutral <sep> bread of rice neutral <sep> feel negative,price neutral <sep> chicken tikka masala neutral <sep> bread of rice negative
29,aspect analysis: Winnie and her staff are the best crew you can find serving you.,staff positive <sep> Winnie positive,staff positive <sep> crew positive,staff neutral <sep> crew positive
30,aspect analysis: The service was spectacular as the waiter knew everything about the menu and his recommendations were amazing!,service positive <sep> waiter positive,service positive <sep> waiter positive <sep> menu neutral,service positive <sep> waiter positive <sep> menu neutral
31,"aspect analysis: The Four Seasons has history and it is a sort of landmark of New York City restaurants, but trust me, they will charge you through the nose just so that you can say ""I've been to the four seasons restaurant"".",The Four Seasons neutral <sep> The Four Seasons negative,Four Seasons neutral <sep> restaurants positive,Four Seasons positive <sep> history neutral
32,"aspect analysis: Two complaints- their appetizer selection stinks, it would be nice to get some mozzarella sticks on the menu.",appetizer selection negative,appetizer selection negative <sep> menu neutral,appetizer selection negative <sep> menu neutral
33,aspect analysis: The cold appetizer dishes taste like the way I remember them to taste when I was growing up in Taiwan.,cold appetizer dishes positive,appetizer dishes positive <sep> taste neutral,cold appetizer dishes positive <sep> Taiwan neutral
34,aspect analysis: Wasn't going to share but I feel obligated...while sitting at the sushi bar dining we watched the chef accidentally drop a piece of Unagi on the floor and upon retrieving it from the floor proceed to use the piece in the delivery order he was preparing.,chef negative,sushi bar dining neutral <sep> chef negative <sep> Unagi neutral,sushi bar dining neutral <sep> chef negative <sep> delivery neutral
36,aspect analysis: Every time in New York I make it a point to visit Restaurant Saul on Smith Street.,Restaurant Saul positive,New York neutral <sep> Restaurant neutral <sep> Saul positive,restaurant neutral <sep> Smith Street neutral
37,"aspect analysis: The manager finally said he would comp the two glasses of wine (which cost less than the food), and made it seem like a big concession.",manager negative,manager negative <sep> glasses of wine neutral <sep> food neutral,manager negative <sep> glasses of wine neutral <sep> food neutral
38,"aspect analysis: What really makes it shine is the food, which is aggressively seasoned with Cyrpriot spices, and all made in-house (even the gyro meat and sausages), and made of much higher quality ingredients that might otherwise be expected.",food positive <sep> gyro meat positive <sep> sausages positive <sep> ingredients positive,food positive <sep> ingredients neutral,food positive <sep> ingredients positive
39,"aspect analysis: We recently decided to try this location, and to our delight, they have outdoor seating, perfect since I had my yorkie with me.",outdoor seating positive,location neutral <sep> seating positive,location neutral <sep> seating positive
40,aspect analysis: It is quite a spectacular scene i'll give them that.,scene positive,scene positive <sep> scene neutral,
42,"aspect analysis: Also, waiters try to push more food on you, like suggest things as if they are complimentary when they actually cost $.",waiters negative,waiters negative <sep> food neutral <sep> cost neutral,waiters negative <sep> food neutral
43,aspect analysis: The food was pretty tradional but it was hot and good with large portions.,food positive <sep> portions positive,food negative <sep> portions positive,food negative <sep> portions positive
44,"aspect analysis: My mom originally introduced me to this place, but even she (being Indian) feels the food can be somewhat over the top spicy and far too oily.",food negative,Indian neutral <sep> food negative,
45,aspect analysis: It's a rather cramped and busy restaurant and it closes early.,restaurant negative,,restaurant negative <sep> early neutral
46,aspect analysis: The service was fast and friendly and the food was very tasty and they had the best hot sauce to add to your meals.,service positive <sep> food positive <sep> hot sauce positive,service positive <sep> hot sauce positive <sep> meals neutral,service positive <sep> food positive <sep> hot sauce positive <sep> meals neutral
47,"aspect analysis: I've been to at Cafe Spice probably 5-8 times, it is probably still the best Indian restaurant around Union Square.",Cafe Spice positive,Cafe neutral <sep> Indian positive,Cafe neutral <sep> Indian positive
48,"aspect analysis: Went on a 3 day oyster binge, with Fish bringing up the closing, and I am so glad this was the place it O trip ended, because it was so great!",Fish positive,Fish neutral <sep> place positive,Fish neutral <sep> place positive
49,"aspect analysis: I showed it to the manager, and he smilingly apologized and brought us two free desserts (but did not ask us what we wanted and so brought the last two desserts we would have asked for).",manager positive <sep> manager negative,manager positive <sep> desserts neutral,manager positive <sep> desserts neutral
50,"aspect analysis: I had their eggs benedict for brunch, which were the worst in my entire life, I tried removing the hollondaise sauce completely that was how failed it was.",eggs benedict negative,brunch neutral <sep> hollondaise sauce negative,eggs benedict negative <sep> brunch neutral <sep> hollondaise sauce negative
51,"aspect analysis: The service was impeccable and unobtrusive -- the staff knows what they are there to do -- to know their menu, present your meal, and attend to your needs.",service positive <sep> staff positive,service positive <sep> staff positive <sep> menu neutral <sep> meal neutral,service positive <sep> staff positive <sep> menu neutral <sep> meal neutral
52,"aspect analysis: Yes, they use fancy ingredients, but even fancy ingredients don't make for good pizza unless someone knows how to get the crust right.",ingredients positive <sep> pizza negative <sep> crust negative,ingredients positive <sep> crust neutral,ingredients positive <sep> pizza positive <sep> crust negative
53,"aspect analysis: Small servings for main entree, i had salmon (wasnt impressed) girlfriend had chicken, it was good.",salmon negative <sep> chicken positive <sep> servings for main entree negative,servings positive <sep> main entree neutral <sep> chicken positive,servings negative <sep> main entree neutral <sep> salmon neutral <sep> chicken positive
54,"aspect analysis: The first time the sushi was outstanding, the second time it was a little bland.",sushi positive <sep> sushi negative,sushi positive <sep> second time negative,sushi positive <sep> second time negative
55,"aspect analysis: The food is decent at best, and the ambience, well, it's a matter of opinion, some may consider it to be a sweet thing, I thought it was just annoying.",food negative <sep> ambience negative,food positive <sep> ambience negative,food positive <sep> ambience negative
56,aspect analysis: The rice was poor quality and was cooked so badly it was hard.,rice negative,rice neutral <sep> quality negative,rice neutral <sep> quality negative
57,"aspect analysis: The decor is night tho...but they REALLY need to clean that vent in the ceiling...its quite un-appetizing, and kills your effort to make this place look sleek and modern.",place negative <sep> decor positive <sep> vent negative,decor neutral <sep> ceiling negative,decor neutral <sep> ceiling negative
58,"aspect analysis: If you are going for the food, it will not be worth it.",food negative,food neutral <sep> money negative,
59,"aspect analysis: A word to the wise: you can't dine here and disturb the maitre-D's sense of "" table turnover"", as whacked as it is, or else.",maitre-D negative,maitre-D neutral <sep> table turnover negative,maitre negative <sep> table turnover neutral
60,"aspect analysis: The portions are HUGE, so it might be good to order three things to split (rather than one appetizer and entree per person) for two people.",portions positive,portions positive <sep> appetizer neutral,portions positive <sep> appetizer neutral <sep> entree neutral
61,"aspect analysis: Sometimes tables don't understand his sense of humor but it's refreshing to have a server who has personality, professionalism, and respects the privacy of your dinner.",server positive,tables neutral <sep> server positive <sep> dinner neutral,tables neutral <sep> server positive <sep> dinner neutral
62,aspect analysis: Ive asked a cart attendant for a lotus leaf wrapped rice and she replied back rice and just walked away.,cart attendant negative,cart attendant negative <sep> lotus leaf neutral,cart attendant negative <sep> lotus leaf wrapped rice neutral
63,"aspect analysis: Considering we were the last patrons there and it was after the closing time, the waitstaff did not rush us at all and made us feel comfortable and relaxed.",waitstaff positive,patrons neutral <sep> waitstaff positive,closing time neutral <sep> waitstaff positive
65,aspect analysis: This is the first place I've been that a runner remembers my order... hope he likes his job because I have half a mind to steal him for my restaurant.,runner positive,runner positive <sep> restaurant neutral,runner positive <sep> job neutral
66,"aspect analysis: I tend to judge a sushi restaurant by its sea urchin, which was heavenly at sushi rose.",sea urchin positive,sushi restaurant neutral <sep> sea urchin positive,sea urchin positive <sep> sushi rose neutral
67,"aspect analysis: This guy refused to seat her and she left, followed shortly by the four of us, but not before I told him that in my 40 years of world travel, including Paris, that I had never seen such a display of bad behavior by a frontman in a restaurant.",frontman negative,guy negative <sep> seat neutral,guy negative <sep> seat neutral
69,aspect analysis: Although they do the typical what kind of water would you like questions the service was good and overall very relaxing to place to eat.,service positive <sep> place positive,water neutral <sep> service positive,water neutral <sep> service positive
70,"aspect analysis: You would think they would make up for it with service, sadly, no.",service negative,service neutral,
71,aspect analysis: Only complaint is the pricing--I believe it would be more reasonable to pay a dollar less on each item listed on the menu.,menu negative,pricing negative <sep> menu neutral,pricing negative <sep> menu neutral
72,aspect analysis: first it took us a long time to find the place.,place negative,place neutral,time negative <sep> place neutral
74,"aspect analysis: We, there were four of us, arrived at noon - the place was empty - and the staff acted like we were imposing on them and they were very rude.",staff negative,place neutral <sep> staff negative,place negative <sep> staff negative
75,"aspect analysis: During the course of the past 3 months, the chef and staff changed and it was not for the better.",chef negative <sep> staff negative,chef neutral <sep> staff positive,
76,"aspect analysis: When my dessert came, there was a candle in it - not because anyone asked for one - but because the waiter must have seen me opening my birthday card and gift, and said he knew it was a special occassion of some sort.",waiter positive,dessert neutral <sep> waiter negative <sep> birthday card neutral,dessert neutral <sep> waiter negative
77,"aspect analysis: This is where it really really gets bad: the manager said, there is absolutely nothing we can do, it's a matter of taste that she didn't like it, and I cannot comp it.",manager negative,manager negative <sep> taste neutral,manager negative <sep> taste neutral
78,"aspect analysis: After dinner the manager grabbed my boyfriend, asked him: Where are you from...maybe you dont know how things work in America...and in the end stormed away almost teareyed yelling that tips are the only thing they survive on.",manager negative,dinner neutral <sep> manager negative <sep> tips positive,dinner neutral <sep> manager negative <sep> tips positive
79,"aspect analysis: The have over 100 different beers to offer thier guest so that made my husband very happy and the food was delicious, if I must recommend a dish it must be the pumkin tortelini.",beers positive <sep> food positive <sep> pumkin tortelini positive,beers positive <sep> food positive <sep> dish neutral,beers positive <sep> food positive <sep> dish neutral
80,aspect analysis: We asked for sides which the waiter than admitted that he forgot to put in that part of our order.,waiter negative,waiter negative <sep> order neutral,sides neutral <sep> waiter negative
82,"aspect analysis: Try the crunchy tuna, it is to die for.",crunchy tuna positive,tuna positive <sep> taste positive,tuna positive
83,"aspect analysis: My husband and I thougt it would be great to go to the Jekyll and Hyde Pub for our anniversary, and to our surprise it was fantastic.",Jekyll and Hyde Pub positive,Pub neutral <sep> pub positive,Jekyll and Hyde Pub neutral <sep> positive
84,"aspect analysis: The service is ok, some of the people didn't get what they asked for.",service neutral,service positive <sep> people negative,service positive <sep> people negative
85,"aspect analysis: Don't dine at Tamarind for the vegetarian dishes, they are simply not up to par with the non-veg selections.",vegetarian dishes negative <sep> non-veg selections positive,vegetarian dishes negative <sep> non-veg selections neutral,dine neutral <sep> vegetarian dishes negative
86,aspect analysis: I was looking for banana tempura for dessert and they dont have.,dessert negative,banana tempura neutral <sep> dessert neutral,banana tempura neutral <sep> dessert positive
87,aspect analysis: I had never had Edamame pureed before but I thought it was innovative and tasty (could've used a bit more salt).,Edamame pureed positive,Edamame pureed positive <sep> salt neutral,Edamame pureed positive <sep> salt neutral
88,"aspect analysis: Oh, and I never write reviews--I just was so moved by how bad this place was, I felt it was my duty to spread the word.",place negative,place negative <sep> word neutral,place negative <sep> word neutral
89,"aspect analysis: The space kind of feels like an Alice in Wonderland setting, without it trying to be that.",space negative,space neutral <sep> setting positive,space neutral <sep> setting positive
91,"aspect analysis: The food they serve is not comforting, not appetizing and uncooked.",food negative,food neutral <sep> serve negative,food negative <sep> serve neutral
92,"aspect analysis: THE SERVICE IS AMAZING, i've had different waiters and they were all nice, which is a rare thing in NYC.",SERVICE positive <sep> waiters positive,SERVICE positive <sep> waiters neutral,SERVICE positive <sep> waiters neutral
93,"aspect analysis: the only things u could really taste are the very salty soy sauce (even its low sodium), the vinegar-soaked rice, and the scallion on top of the fish.",soy sauce negative <sep> rice negative,soy sauce negative <sep> scallion neutral,soy sauce negative <sep> scallion neutral
94,"aspect analysis: This tiny restaurant is as cozy as it gets, with that certain Parisian flair.",restaurant positive,restaurant positive <sep> flair neutral,tiny restaurant positive <sep> flair neutral
95,"aspect analysis: The atmosphere was pretty nice but had a bit lacking, which it tries to make up for with a crazy scheme of mirrors.",atmosphere negative <sep> scheme of mirrors negative,atmosphere positive <sep> mirrors neutral,atmosphere positive <sep> scheme neutral
96,aspect analysis: I ordered the smoked salmon and roe appetizer and it was off flavor.,smoked salmon and roe appetizer negative,smoked salmon and roe appetizer neutral <sep> flavor negative,smoked salmon and roe appetizer neutral <sep> flavor negative
97,"aspect analysis: Each time we've been, the front of house staff (not the waiters - they're fantastic - but the people who greet and seat you) has been so hideous to us that were it not for the exceptional fish dishes I would never return.",waiters positive <sep> front of house staff negative <sep> fish dishes positive,front of house staff positive <sep> waiters negative <sep> fish dishes positive,front of house staff positive <sep> waiters negative <sep> fish dishes positive
98,aspect analysis: My friend devoured her chicken and mashed potatos.,chicken and mashed potatos positive,chicken neutral <sep> mashed potatos positive,chicken neutral <sep> mashed potatos positive
99,"aspect analysis: Also, specify if you like your food spicy- its rather bland if you don't.",food negative,food neutral <sep> industry negative,food positive <sep> if negative
100,"aspect analysis: La Rosa waltzes in, and I think they are doing it the best.",La Rosa positive,Rosa neutral <sep> waltzes in positive,Rosa neutral <sep> communication positive
101,aspect analysis: The food is great and they have a good selecion of wines at reasonable prices.,food positive <sep> selecion of wines positive,food positive <sep> selecion of wines positive <sep> prices positive,food positive <sep> selecion positive <sep> wines positive <sep> prices positive
102,aspect analysis: No gimmicks here -- the food speaks for itself in its freshness and preparation.,food positive,food positive <sep> preparation neutral,food positive <sep> preparation neutral
103,"aspect analysis: Even though its good seafood, the prices are too high.",seafood positive <sep> seafood negative,seafood positive <sep> prices negative,seafood positive <sep> prices negative
104,aspect analysis: Drawbacks: service is slow and they don't toast!,service negative,service negative <sep> toast neutral,service negative <sep> toast neutral
105,aspect analysis: I almost hesititate to write a review because the atmosphere was so great and I would hate for it too become to crowded.,atmosphere positive,atmosphere positive <sep> atmosphere neutral,
106,"aspect analysis: We ordered the special, grilled branzino, that was so infused with bone, it was difficult to eat.",grilled branzino negative,grilled branzino positive <sep> bone neutral,"special, grilled branzino positive <sep> bone neutral"
107,"aspect analysis: Food was just average...if they lowered the prices just a bit, it would be a bigger draw.",Food neutral <sep> Food negative,Food neutral <sep> prices positive,Prices neutral <sep> draw positive
108,"aspect analysis: Their bagels are fine, but they are a little overcooked, and not really a 'special' bagel experience.",bagels negative,bagels positive <sep> bagel experience negative,bagels positive <sep> bagel experience negative
109,"aspect analysis: Bukhara Grill, the tagline says it all.. ""INDIAN SPICE RAVE""",Bukhara Grill positive,Bukhara Grill neutral <sep> tagline positive,Bukhara Grill neutral <sep> tagline positive
110,aspect analysis: This place is the most Japanese it can ever get.,place positive,place positive <sep> Japan neutral,place positive <sep> Japanese positive
111,aspect analysis: When I lived upstate for a while I would buy freeze the bagels and they would still be better than any else.,bagels positive,bagels positive <sep> bagels neutral,
112,aspect analysis: If you like your music blasted and the system isnt that great and if you want to pay at least 100 dollar bottle minimun then you'll love it here.,bottle minimun negative <sep> music negative,music neutral <sep> system negative,music negative <sep> system negative
113,aspect analysis: The lobster sandwich is $24 and although it was good it was not nearly enough to warrant that price.,lobster sandwich positive <sep> lobster sandwich negative,lobster sandwich positive <sep> price neutral,lobster sandwich positive <sep> price negative
114,"aspect analysis: $6 and there is much tasty food, all of it fresh and continually refilled.",food positive,food positive <sep> refill positive,food positive <sep> refill neutral
115,"aspect analysis: I can't wait for summer, when they serve outside on their gigantic patio.",patio positive,serve neutral <sep> patio positive,serve neutral <sep> patio positive
116,"aspect analysis: There's another girl who I can't describe, she is about 5'6"" with brown hair, who eavesdrops on your conversation and chimes in - except she only hears the last part of what you said, so her uninvited opinions are often out of context and nothing to do with what you're *really* talking about.",girl negative,girl negative <sep> conversation neutral,girl negative <sep> conversation neutral
117,"aspect analysis: The Steak Tartare is a great bet, they fix it for you at the table.",Steak Tartare positive,Steak Tartare positive <sep> table neutral,Steak Tartare positive <sep> table neutral
118,"aspect analysis: This place is really trendi but they have forgotten about the most important part of a restaurant, the food.",food negative <sep> place positive,place positive <sep> food neutral,place positive <sep> food neutral
119,"aspect analysis: It was the first place we ate on our first trip to New York, and it will be the last place we stop as we head out of town on our next trip to New York.",place positive,place neutral <sep> New York neutral <sep> place positive,
120,"aspect analysis: Yes, the place is classy and beautiful, but they most certainly target the uber whealthy Not the common joe that wants to go all out every once in a while.",place positive <sep> place negative,place positive <sep> joe neutral,place positive <sep> joe negative
121,aspect analysis: I'm not sure where the other reviewers ate but it seems as if we visited two different restaurants because my friends and I all enjoy Mizu very much... and we're repeat customers.,Mizu positive,restaurant neutral <sep> Mizu positive,
122,aspect analysis: Kind of a small place but I guess if they are not too busy might be able to fit a group or kids.,place neutral,place negative <sep> kids neutral,place negative <sep> kids neutral
123,"aspect analysis: Not only is it an adventure getting to this somewhat hidden spot, once you enter the unmarked wooden doors, the zen and intimate décor will make you feel like you’re no longer in the city.",spot neutral <sep> unmarked wooden doors positive <sep> décor positive,spot neutral <sep> wooden doors neutral <sep> decor positive,spot negative <sep> wooden doors neutral <sep> decor positive
125,aspect analysis: Tiny dessert was $8.00...just plain overpriced for what it is.,dessert negative,dessert negative <sep> price neutral,dessert negative <sep> price negative
126,aspect analysis: We had Pam's special fried fish and it was amazing.,Pam's special fried fish positive,fried fish positive <sep> special neutral,Pam neutral <sep> special fried fish positive
127,"aspect analysis: Mistakes happen, but they are usually accompanied by an apology, perhaps even a glass of wine...but not the grunt that we received from the Al Di La staff.",staff negative,glass of wine neutral <sep> staff negative,glass of wine neutral <sep> staff negative
128,aspect analysis: I went there for lunch and it was not as good as I expected from the reviews I read.,lunch negative,lunch neutral <sep> reviews positive,lunch neutral <sep> reviews negative
129,aspect analysis: The atmosphere is noisy and the waiters are literally walking around doing things as fast as they can.,atmosphere negative <sep> waiters positive,atmosphere negative <sep> waiters negative,atmosphere negative <sep> waiters negative
130,"aspect analysis: But if you're prepared to spend some $ and remember to ask if something they offer is complimentary, then this is the place to go for Indian food",Indian food positive <sep> place negative,Indian food positive <sep> food neutral,Indian food positive <sep> offer neutral
131,"aspect analysis: for 7 years they have put out the most tasty, most delicious food and kept it that way...",food positive,food positive <sep> way neutral,food positive <sep> way neutral
132,aspect analysis: We didn't want a bottle of bubbly on a weekday so we each got little bottles of Korbett it was just enough.,bottles of Korbett positive,bottle neutral <sep> bubbly neutral <sep> bottles positive,bubbly neutral <sep> bottles positive
133,"aspect analysis: One would think we'd get an apology or complimentary drinks - instead, we got a snobby waiter wouldn't even take our order for 15 minutes and gave us lip when we asked him to do so.",waiter negative,drinks neutral <sep> waiter negative <sep> order neutral,drinks neutral <sep> waiter negative
134,"aspect analysis: Food was amazing - I love Indian food and eat it quite regularly, but I can say this is one of the best I've had.",Food positive,Indian food positive <sep> taste neutral,Indian food positive <sep> I can say this positive
136,aspect analysis: The food looked very appetizing and delicious since it came on a variety of fancy plates.,food positive,food positive <sep> plates neutral,food positive <sep> plates positive
137,aspect analysis: My quesadilla tasted like it had been made by a three-year old with no sense of proportion or flavor.,quesadilla negative,quesadilla negative <sep> flavor neutral,quesadilla neutral <sep> proportion negative
138,"aspect analysis: We had half/half pizza, mine was eggplant and my friend had the buffalo and it was sooo huge for a small size pizza!",half/half pizza positive,eggplant neutral <sep> buffalo positive,eggplant neutral <sep> buffalo positive
139,aspect analysis: I had the duck breast special on my last visit and it was incredible.,duck breast special positive,duck breast special positive <sep> visit neutral,
140,aspect analysis: I have been to Rao's probably 15 times the past 3 years and it keeps getting better.,Rao's positive,Rao neutral <sep> his neutral,Rao neutral <sep> it positive
141,aspect analysis: Warning: You may find it difficult to dine at other Japanese restaurants after a visit to Mizu!,Mizu positive,Japanese restaurants positive <sep> Mizu neutral,dine neutral <sep> Mizu positive
142,aspect analysis: Myagi is one of my favorite restaurants in the City; the place the negative reviews describe sound like they were somewhere else.,Myagi positive,place neutral <sep> reviews negative,Myagi positive <sep> place neutral
144,"aspect analysis: Maybe it was the great company (I had friends visiting from Philly – yes, it was not a date this time) or the super reasonable price point, but I just can’t say enough good things about this brasserie.",brasserie positive,company positive <sep> price point positive <sep> brasserie neutral,company positive <sep> price point positive <sep> brasserie positive
145,aspect analysis: The potato balls were not dry at all... in fact it was buttery.,potato balls positive,potato balls positive <sep> buttery neutral,potato balls negative <sep> heretic
146,aspect analysis: My son and his girlfriend both wanted cheeseburgers and they were huge!,cheeseburgers neutral,cheeseburgers positive,son neutral <sep> cheeseburgers positive
147,"aspect analysis: The staff has been nice, but they seemed really stressed and the unisex bathroom needs to be cleaned more often.",staff positive <sep> staff negative <sep> unisex bathroom negative,staff positive <sep> bathroom negative,staff positive <sep> bathroom negative
148,aspect analysis: This dish is my favorite and I always get it when I go there and never get tired of it.,dish positive,dish positive <sep> dishes neutral,dish positive <sep> I get neutral
149,"aspect analysis: Try the congee and the donut like deep fried dough they call Ow Ley Soh, a delicious and sweet tasting bread.",congee positive <sep> Ow Ley Soh positive,congee neutral <sep> deep fried dough positive <sep> bread positive,congee positive <sep> deep fried dough positive <sep> bread positive
150,"aspect analysis: I like Cafe Noir dont get me wrong, it is jsut that the people who work there are evil and incompetent!!",people negative <sep> Cafe Noir positive,Cafe neutral <sep> people negative,Cafe neutral <sep> people negative
151,"aspect analysis: The hot dogs are good, yes, but the reason to get over here is the fantastic pork croquette sandwich, perfect on its supermarket squishy bun.",hot dogs positive <sep> pork croquette sandwich positive <sep> bun positive,hot dogs positive <sep> pork croquette sandwich positive <sep> bun neutral,hot dogs positive <sep> pork croquette sandwich positive <sep> bun neutral
152,"aspect analysis: The atmosphere is nothing special, but it feels like a Sushi establishment in Tokyo.",atmosphere positive,atmosphere negative <sep> Sushi neutral,atmosphere negative <sep> Sushi neutral
153,aspect analysis: I've lived in NY for 5 years and this place has it all.,place positive,place positive <sep> place neutral,
154,"aspect analysis: We ate out in the back patio, which is worth it as it's cool and the music is hear well there.",back patio positive <sep> music positive,patio neutral <sep> music positive,back patio neutral <sep> music positive
155,aspect analysis: Worth visiting the 1st Ave spot because it is the original store.,1st Ave spot positive,spot positive <sep> store neutral,spot positive <sep> store neutral
156,"aspect analysis: The lemon chicken tasted like sticky sweet donuts and the honey walnut prawns, the few they actually give you.....were not good.",lemon chicken negative <sep> honey walnut prawns negative,lemon chicken tasted positive <sep> donuts neutral <sep> honey walnut prawns neutral,lemon chicken negative <sep> honey walnut prawns positive
157,aspect analysis: Everyone that sat in the back outside agreed that it was the worst service we had ever received.,service negative,service negative <sep> service neutral,
158,"aspect analysis: I complained to the manager, but he was not even apologetic.",manager negative,manager negative <sep> apologetic neutral,
159,aspect analysis: I had the Kafta plate and it was perfect.,Kafta plate positive,Kafta positive <sep> plate neutral,
161,aspect analysis: Caution - its real food for people who love the best.,food positive,food positive <sep> best neutral,food positive <sep> people positive
162,aspect analysis: the bus boy even spotted that my table was shaking a stabilized it for me.,bus boy positive,bus boy positive <sep> table neutral,bus boy positive <sep> table neutral
163,"aspect analysis: the food was great, the margaritas too but the waitress was too busy being nice to her other larger party than to take better care of my friend and me.",food positive <sep> margaritas positive <sep> waitress negative,food positive <sep> margaritas neutral,food positive <sep> margaritas neutral
164,aspect analysis: They have a wide variety of fish and they even list which oceans they come from; Atlantic or Pacific.,fish positive,variety of fish positive <sep> oceans neutral,variety of fish positive <sep> oceans neutral
165,"aspect analysis: I've had the Jellyfish, Horse Mackerel, Blue Fin Tuna and the Sake Ikura roll among others, and they were all good.",Jellyfish positive <sep> Horse Mackerel positive <sep> Blue Fin Tuna positive <sep> Sake Ikura roll positive,Jellyfish neutral <sep> Horse Mackerel neutral <sep> Tuna neutral <sep> Sake Ikura roll positive,Horse Mackerel neutral <sep> Sake Ikura roll positive
166,aspect analysis: – I loved the pumpkin ravioli and the goat cheese gnocchi (5 big ones to a plate instead of 20 or so little gnocchis) and my sister loved her filet mignon on top of spinach and mashed potatoes.,pumpkin ravioli positive <sep> goat cheese gnocchi positive <sep> filet mignon on top of spinach and mashed potatoes positive,pumpkin ravioli positive <sep> goat cheese gnocchi positive <sep> plate neutral <sep> filet mignon positive <sep> mashed potatoes neutral,pumpkin ravioli positive <sep> goat cheese gnocchi positive <sep> filet mignon positive <sep> spinach neutral
167,aspect analysis: I think I have probably tried each item on their menu at least once it is all excellent.,menu positive,menu neutral <sep> item positive,item neutral <sep> menu positive
168,aspect analysis: The food was all good but it was way too mild.,food positive <sep> food negative,food positive <sep> mild negative,food positive <sep> tone negative
169,aspect analysis: I should have thought to bring it up but never expected the food to be that mild.,food negative,food positive,
170,"aspect analysis: The presentation of the food was an added bonus, it looked just as great as it tasted!",food positive,presentation positive <sep> food positive,presentation of the food positive
171,aspect analysis: My best friend had the chicken shawarma and she STILL raves about it being the best anywhere!,chicken shawarma positive,chicken shawarma positive <sep> anywhere neutral,chicken shawarma positive <sep> anywhere neutral
172,"aspect analysis: Also, they serve THE best hummus in America, with a drizzle of fragrant olive oil (which, I believe is the traditional way)!",hummus positive,hummus positive <sep> olive oil neutral,hummus positive <sep> olive oil neutral
173,aspect analysis: – My first time to dine at this restaurant was with my son and it was absolutely horrible!,restaurant negative,dine neutral <sep> restaurant negative,dine neutral <sep> restaurant negative
174,aspect analysis: Sunday afternoons there is a band playing and it is lots of fun.,band positive,band neutral <sep> fun positive,Sunday neutral <sep> band positive
175,"aspect analysis: The food is not what it once was (potions have seriously seen downsizing) prices have gone up, and the service is the worst I have experienced anywhere (including mainland Europe).",food negative <sep> potions negative <sep> service negative,food negative <sep> potions neutral <sep> prices negative <sep> service negative,food negative <sep> potions negative <sep> prices negative <sep> service negative
176,aspect analysis: I hope one day Scooner or Later returns to what it once was.,Scooner or Later negative,Scooner positive <sep> Later neutral,Scooner positive <sep> Later neutral
177,"aspect analysis: Service was kind of slow, our waitress took forever to give us our check even though it wasn't that busy.",Service negative <sep> waitress negative,Service negative <sep> waitress negative <sep> check neutral,Service negative <sep> waitress negative <sep> check neutral
178,"aspect analysis: Finally, my wife stood face to face in front of one of the staff and she asked, ""Are you waiting for a table?""",staff negative,staff neutral <sep> waiting neutral <sep> table neutral,staff negative <sep> table neutral
179,"aspect analysis: it gets really busy, so get there on the early side so you can grab a seat, if you do have to wait, its not bad because the service is quick!",service positive,seat neutral <sep> service positive,seat neutral <sep> service positive
180,"aspect analysis: There is only one place on the east coast that has it all, plus a lot more.",place positive,east coast positive <sep> many negative,place neutral <sep> east coast positive
181,"aspect analysis: I was frankly shocked when I read the bad reviews - this place is fantastic; it has not let us down in any way, and we've eaten here more than 10 times.",place positive,place positive <sep> place neutral,place positive <sep> eaten neutral
182,aspect analysis: As it turns out the owner was seated right next to us and when he came over to check on our problems was very dismissive and offered a token 20% discount on our bill.,owner negative,owner neutral <sep> bill neutral,owner negative <sep> bill neutral
183,aspect analysis: I went home & looked them up online again where I discovered there is a link for a give away that doesn't work so emailed the restaurant about the non existent service & deceptive link.,restaurant negative,service neutral <sep> service negative,service negative
184,"aspect analysis: If you can, come to this place by boat and make it a whole evening.",place positive,place neutral <sep> boat neutral,place neutral <sep> boat neutral <sep> evening positive
185,"aspect analysis: Prefer to order it and pick it up though because I don't like the servers, one young woman in particular.",servers negative <sep> young woman negative,servers negative <sep> woman positive,servers negative
186,aspect analysis: Management should really take notice and train their waitstaff and teach them some proper manners.,waitstaff negative <sep> Management negative,Management neutral <sep> waitstaff positive <sep> manners positive,Management positive <sep> waitstaff neutral
188,aspect analysis: The food is great and they make a mean bloody mary.,food positive <sep> bloody mary positive,food positive <sep> mary negative,food positive <sep> mary negative
189,"aspect analysis: so about the prawns, they were fresh and had a slight crispiness about the batter... soooo good... the walnuts were cut in smaller pieces and very crunchy and tasty.",prawns positive <sep> batter positive <sep> walnuts positive,prawns positive <sep> batter neutral,prawns positive <sep> batter neutral
190,"aspect analysis: In other words, if they aren't making $$ off of you then you don't rate high on their 'service scale'.",service negative,'service scale neutral,
191,"aspect analysis: Food wise, its ok but a bit pricey for what you get considering the restaurant isn't a fancy place.",Food neutral <sep> restaurant negative <sep> restaurant neutral,Food neutral <sep> place negative,Food neutral <sep> place negative
192,aspect analysis: If I needed to name some they would include the location to the beach or Golden Gate park.,location positive,location neutral <sep> beach neutral,location neutral <sep> beach neutral
193,"aspect analysis: As usual the omikase didn't disappoint in freshness, although it scored low on creativity and selection.",omikase positive <sep> omikase negative,omikase positive <sep> selection neutral,omikase positive <sep> selection neutral
194,aspect analysis: It isn't the cheapest sushi but has been worth it every time.,sushi neutral <sep> sushi positive,sushi negative <sep> time positive,sushi negative
195,"aspect analysis: – Schooner or Later's charming location along the marina in Long Beach and average food does not, unfortunately, compensate for its very poor customer service.",location along the marina in Long Beach positive <sep> food neutral <sep> customer service negative,location positive <sep> food neutral <sep> service negative,location positive <sep> service negative
196,"aspect analysis: After one member of our party had been bumped repeatedly by a waitress, a polite request that he not be bumped sent the waitress into an abusive rant.",waitress negative,waitress negative <sep> waitress neutral,waitress negative <sep> rant neutral
198,"aspect analysis: the fish was fresh, though it was cut very thin.",fish positive <sep> fish negative,fish positive <sep> cut negative,fish positive <sep> cutting negative
199,aspect analysis: I love Dungeness crabs and at Ray's you can get them served in about 6 different ways!,Dungeness crabs positive,Dungeness crabs positive <sep> served neutral,Dungeness crabs positive <sep> served neutral
200,"aspect analysis: If there is a line very day of the week for the entire time a place is open, you know it is great.",place positive,line neutral <sep> time positive,line positive <sep> time neutral
201,aspect analysis: I got the shellfish and shrimp appetizer and it was alright.,shellfish and shrimp appetizer neutral,shellfish and shrimp appetizer positive <sep> appetizer neutral,shellfish and shrimp appetizer positive
202,"aspect analysis: The 9 oz steak came next and it tasted great, at least initially.",9 oz steak positive,oz steak positive <sep> initially neutral,oz steak positive <sep> it positive
203,"aspect analysis: – This is my ""must bring out of town guests to"" restaurant and they always enjoy and rave about it.",restaurant positive,guests neutral <sep> restaurants positive,guests neutral <sep> restaurants positive
204,"aspect analysis: I have been to this place, folks and it is BAD.",place negative,place neutral <sep> place negative,place negative <sep> folks neutral
205,aspect analysis: Maybe it is good for that one night once in a blue moon when the chefs decide to use fish that's half-way decent.,fish negative,chefs neutral <sep> fish positive,chefs neutral <sep> fish positive
206,"aspect analysis: I have been here, spent tons of money on a chef special dinner and it was a major dissappointment.",chef special dinner negative,chef neutral <sep> dinner positive,chef special dinner neutral <sep> money negative
207,aspect analysis: It's a tiny place so if you get there before 8pm on a weekend (Thurs?Sun) you will find it easier to get a table or a seat at the sushi bar.,place neutral,place negative <sep> bar neutral,place negative <sep> table neutral <sep> sushi bar neutral
208,"aspect analysis: The sushi is as fresh as it comes?you'd think ocean was in their backyard, no joke!",sushi positive,sushi positive <sep> ocean neutral,sushi positive <sep> ocean neutral
209,aspect analysis: The presentation of Snooze is excellent and it is one of those places that you feel more sophisticated just for being there; but peel back the layers and you have an overpriced IHOP with a high brow menu.,Snooze positive <sep> menu negative <sep> Snooze negative,presentation positive <sep> Snooze positive <sep> menu neutral,presentation positive <sep> Snooze positive <sep> menu negative
210,"aspect analysis: They serve it in a tall, skinny hour-glass shaped glass to disguise the fact that you a getting a small juice at the price of a half gallon in a supermarket.",juice negative,served neutral <sep> price neutral,juice negative <sep> price neutral
211,"aspect analysis: The pancakes were certainly inventive but $8.50 for 3 - 6"" pancakes (one of them was more like 5"") in the pancake flight (sample of 3 different pancakes) is well over-priced.",pancakes positive <sep> pancakes negative,pancakes positive <sep> pancakes neutral,pancakes positive <sep> pancake flight neutral
212,"aspect analysis: On my meal I had to send back my eggs for a simple request of breaking the yokes before cooking, and would have had to send them back again if I hadn't rejected the meal all together.",eggs negative <sep> meal negative,eggs neutral <sep> yokes neutral <sep> cooking neutral,meal neutral <sep> eggs neutral <sep> cooking neutral <sep> meal negative
213,aspect analysis: I rejected it because in the process of attempting to fix the eggs they broke something else in the dish and I was too frustrated to continue.,dish negative,eggs neutral <sep> dish neutral,eggs neutral <sep> dish negative
214,"aspect analysis: Ray's is something of a Seattle institution, but given its gorgeous Sound views, I had suspected that the accolades were more due to the scenery than to the food and service.",Sound views positive,Sound views positive <sep> food neutral <sep> service positive,Ray neutral <sep> views positive <sep> food negative
215,aspect analysis: The scallops are apparently cooked in a black olive butter which really makes them unique (not to mention tasty).,scallops positive,scallops positive <sep> black olive butter neutral,scallops neutral <sep> black olive butter positive
216,"aspect analysis: I had a taste of all three items on her plate, and they were superb.",plate positive,item neutral <sep> plate neutral,taste positive <sep> items neutral
217,"aspect analysis: All considered, I have to say that Ray's Boathouse is deserving of its title as a Seattle institution.",Ray's Boathouse positive,Ray's Boathouse positive <sep> title neutral,Ray's Boathouse positive <sep> title neutral
220,"aspect analysis: we all liked the brunch items we had but when we later asked if the chips were supposed to come with the meal, the waitress explained it away by saying sometimes they forget instead of apologizing and offering something extra.",brunch positive <sep> chips neutral <sep> waitress negative,brunch items positive <sep> chips neutral <sep> waitress negative,brunch items positive <sep> chips neutral <sep> meal neutral <sep> waitress negative
221,aspect analysis: The Scene Hunky waiters dub diners darling and it sounds like they mean it.,Scene neutral <sep> waiters negative <sep> diners neutral <sep> darling neutral,Scene neutral <sep> waiters positive <sep> diners positive,Scene neutral <sep> waiters negative <sep> diners positive
222,aspect analysis: One of our diners didn't like her fish and both the waitress and the manager insisted on replacing it.,fish negative <sep> waitress neutral <sep> manager neutral,diners negative <sep> fish neutral <sep> waitress neutral <sep> manager positive,diners negative <sep> fish neutral <sep> waitress negative <sep> manager negative
223,"aspect analysis: While waiting for a table, tried to get a drink from a bartender who seemed more interested in arguing with his waiters.",waiting neutral <sep> table neutral <sep> drink neutral <sep> waiters negative,waiting neutral <sep> table neutral <sep> bartender positive <sep> waiters negative,waiting neutral <sep> table neutral <sep> bartender negative <sep> waiters negative
224,aspect analysis: Went here with my husband on a Saturday night for dinner since the place looked like it had great atmosphere.,dinner neutral <sep> place neutral <sep> atmosphere positive,dinner neutral <sep> atmosphere positive,dinner neutral <sep> atmosphere positive
225,"aspect analysis: The waiter made a huge production over what order he should deliver the food, as we all agreed the miso should be eaten with the sushi to aid digestion.",waiter positive <sep> sushi neutral,waiter positive <sep> food neutral <sep> miso neutral <sep> sushi neutral,waiter positive <sep> food neutral <sep> miso neutral <sep> sushi neutral
226,aspect analysis: Bernard is a great host; it didn't bother me a bit that he recited the entire menu to my wife.,host positive <sep> menu neutral,,Bernard positive <sep> host positive <sep> menu neutral
227,"aspect analysis: ' When I called the waitress on it, she said that they simply couldn't serve tap water.",waitress negative <sep> water neutral,waitress negative <sep> tap water neutral,waitress negative <sep> tap water neutral
228,aspect analysis: Especially the manager or host who kept walking by and giving us the evil eye to see the progress of our dinner so they could turn the table over to other customers.,manager negative <sep> host negative <sep> dinner neutral,manager negative <sep> host negative <sep> dinner neutral <sep> table neutral,manager negative <sep> dinner neutral
229,"aspect analysis: When the manager came to our table at the end of the meal and asked how our experience was, I complained to him about the cold.",manager neutral <sep> table neutral <sep> cold negative,manager neutral <sep> table neutral <sep> meal neutral <sep> cold neutral,manager negative <sep> meal neutral
231,"aspect analysis: While the staff was kind and attentive, our waiter never once broke a smile, even when I told him it was my friend's birthday, although he did bring a dessert with a candle at the end of the meal.",staff positive <sep> waiter positive <sep> dessert neutral <sep> candle neutral <sep> meal neutral,staff positive <sep> waiter negative <sep> meal neutral,staff positive <sep> waiter negative <sep> dessert neutral
232,aspect analysis: We were however seated right away and was immediately told by our waiter that they were out of sparking mineral water.,waiter negative <sep> water neutral,waiter negative <sep> mineral water neutral,
233,"aspect analysis: So are cooked plates: Marinated Kobe beef practically melts on its skewers, soy-buttered scallops collapse with sweet brine and Chawanmushi custard, quivering in eel-soy broth with black truffles and foie gras, is over the top.",plates neutral <sep> Marinated Kobe beef positive <sep> scallops collapse positive <sep> eel-soy broth with black truffles and foie gras neutral,Marinated Kobe beef negative <sep> scallops neutral <sep> sweet brine neutral <sep> black truffles neutral <sep> foie gras neutral,plates neutral <sep> Marinated Kobe beef positive <sep> scallops positive <sep> sweet brine neutral <sep> Chawanmushi custard positive
234,"aspect analysis: After all that, the waiter tried to backpedal saying its too hard to time the cooking of miso soup with the sushi bar offerings.",waiter negative <sep> cooking of miso soup neutral,waiter negative <sep> miso soup neutral <sep> bar offerings neutral,waiter negative <sep> miso soup neutral <sep> sushi bar offerings neutral
235,aspect analysis: We ordered whole wheast toast; the waiter didn't bring it until 15 minutes after we had received our brunch.,waiter negative <sep> brunch neutral,wheast toast neutral <sep> waiter negative <sep> brunch neutral,wheast toast neutral <sep> waiter negative <sep> brunch neutral
237,"aspect analysis: Also, overheard gent at the next table complaining to the manager about his food.",table neutral <sep> manager negative <sep> food negative,table neutral <sep> manager negative <sep> food neutral,gent negative <sep> manager negative <sep> food neutral
238,aspect analysis: Dropped in for a quick bite with a friend -- like the previous reviewer it took more than 15 minutes for any kind of service at all (including getting water) and then another 45 minutes to get a burger (which admittedly was good).,service negative <sep> water neutral,bite neutral <sep> service negative <sep> water neutral <sep> burger positive,service negative <sep> burger neutral
239,"aspect analysis: Although I didn't pay for the meal (and it's about $22 bucks a plate, way over my normal eating range), I have to say that it was better than any food I've ever had in little Italy, and there weren't any touristy elements to be found.",range negative <sep> food neutral,meal neutral <sep> plate neutral <sep> food positive,meal neutral <sep> range neutral <sep> food positive
240,"aspect analysis: I'm totally into the space-age vibe of this place, but I wish they had more tables to sit down at.",vibe negative <sep> tables positive,space-age vibe positive <sep> tables neutral,vibe positive <sep> tables negative
241,"aspect analysis: The hostess was condescending and the waiter was somewhat absent and unaccomodating (sure, we made a reservation to sit outside but when I asked to be moved indoors after I heard thunder he didn't even try to make it happen, giving me a blank stare and a shrug when I asked what we would do if it rained).",hostess negative <sep> waiter negative <sep> reservation neutral,hostess negative <sep> waiter negative,
243,"aspect analysis: There are no price listed in the menu, and she will not provid them with a smile.",price negative <sep> menu neutral,price neutral <sep> menu neutral,price neutral <sep> menu neutral
244,"aspect analysis: When I couldn't hear any of my selections in the dining room, the manager told me that the broken speakers in were 'not his fault'",dining room neutral <sep> manager negative,dining room neutral <sep> manager negative <sep> speakers negative,dining room neutral <sep> manager negative <sep> speakers negative
245,"aspect analysis: Candles on the tables, cozy furnishings and music at just the right level make it a great dining experience.",Candles neutral <sep> furnishings positive <sep> music positive <sep> experience positive,tables neutral <sep> furnishings positive <sep> level positive <sep> dining positive,tables neutral <sep> furnishings positive <sep> music positive <sep> dining experience positive
246,"aspect analysis: My only complaint was that when I tried to go back with some friends on a crowded night, the place was packed, yet they told us there was a 20 minute wait and that we should wait at the bar.",place negative <sep> bar neutral,,place negative <sep> wait neutral
247,aspect analysis: Our waitress did not take our drink order until I finally flagged her down and even then she seemed disinterested in our meal.,waitress negative <sep> drink neutral <sep> meal negative,waitress negative <sep> meal neutral,waitress negative <sep> drink neutral <sep> meal neutral
248,"aspect analysis: Maybe it was the choices the chefs had put on the Restaurant Week Menu, but much of our food was just so-so.",Menu neutral <sep> food negative,chefs neutral <sep> Menu neutral <sep> food negative,chefs positive <sep> Menu neutral <sep> food negative
249,aspect analysis: i got a steak special that was way overpriced ($12 more then the steak on the menu and no warning from the waitress) and it was cooked to the wrong temperature.,steak special negative <sep> menu neutral <sep> waitress negative <sep> temperature negative,menu neutral <sep> waitress negative <sep> temperature negative,steak special negative <sep> menu neutral <sep> waitress negative
250,"aspect analysis: If you like an ecclectic crowd and an overall good time where you and your friends can get together whether it be to eat, drink or just play some good old pictionary (they provide crayons and a blank white sheet at every table), go to the Cargo!",time positive <sep> drink neutral <sep> sheet neutral,crowd positive <sep> table neutral,crowd positive <sep> drink neutral
251,"aspect analysis: Now a sleek, cool lounge with refreshing new color, lighting and surfaces, Fig 27 mirrors its around the corner sibling, PS450 with a yummy menu of small bites, great drinks and wonderful staff.",lounge positive <sep> new color positive <sep> mirrors neutral <sep> menu positive <sep> drinks positive <sep> staff positive,lounge neutral <sep> menu positive <sep> drinks positive <sep> staff positive,lounge positive <sep> menu positive <sep> drinks positive <sep> staff positive
253,aspect analysis: When we asked a waiter for an explanation of the long wait with some many empty tables he had no answer so we asked for the manager.,waiter negative <sep> tables neutral <sep> manager neutral,waiter negative <sep> tables negative <sep> manager neutral,
255,"aspect analysis: The lunch got a little bizarre when we asked the waiter how the joint got it's name, and he made his hands into cups in reference to placing them on a woman's breasts and said, No, not this.",lunch neutral <sep> waiter negative,lunch neutral <sep> waiter negative <sep> cups neutral,lunch neutral <sep> waiter negative <sep> cups neutral
256,"aspect analysis: Right after we finished the main course (the organic chicken was dry), but before we finish drinking the wine the check was placed on the table, and the waitress came back and picked it up three times.",organic chicken negative <sep> wine neutral <sep> waitress negative,,organic chicken negative <sep> wine neutral <sep> check neutral <sep> waitress negative
257,aspect analysis: service was attentive at the beginning but the waiter lost us towards the end and we had to flag them down for the check.,service positive <sep> waiter negative,service positive <sep> waiter negative <sep> check neutral,service positive <sep> waiter negative <sep> check neutral
258,"aspect analysis: When I asked the waitress, she told me they couldn't afford the salmon, and had changed the dish (though not on the menu).",waitress neutral <sep> salmon negative <sep> dish neutral,waitress negative <sep> salmon neutral <sep> dish neutral <sep> menu neutral,waitress negative <sep> salmon neutral <sep> dish neutral <sep> menu neutral
259,aspect analysis: My vegetable Napoleon was good; although i first got the veggie burger because the waitress mis-heard and stood my friend up for another 15 minutes of waiting to have it served.,vegetable Napoleon positive <sep> veggie burger neutral <sep> waiting negative,vegetable neutral <sep> veggie burger neutral <sep> waitress negative<extra_id_-13> waiting neutral,vegetable neutral <sep> veggie burger neutral <sep> waitress negative
260,"aspect analysis: Into our appetizer, an adjacent table became available, and we asked if we could use it, but the waiter said it most likely was being used.",appetizer neutral <sep> waiter negative,appetizer neutral <sep> table neutral <sep> waiter negative,appetizer neutral <sep> table neutral <sep> waiter negative
261,"aspect analysis: The huge terrace is just so beautiful--and rumor has it they'll be tenting the space this fall, so we midtowners can continue to dine outside through the end of the year.",terrace positive <sep> space neutral,terrace positive <sep> dine neutral,
262,"aspect analysis: Been there a few times for dinner, brunch or just a drink (the French cosmos are fantastic) and it just keeps getting better.",dinner neutral <sep> drink neutral <sep> French cosmos positive,dinner neutral <sep> brunch neutral <sep> drink neutral <sep> French cosmos positive,dinner neutral <sep> brunch neutral <sep> French cosmos positive
263,aspect analysis: This happened while many diners were enjoying their meal and it was rudes.,diners neutral <sep> meal positive,diners positive <sep> meal neutral,diners positive <sep> meal neutral
264,"aspect analysis: The food was good (and the $25 prix fixe made it all that much better), but the dinner started to feel like an assembly line when our appetizer arrived 5 minutes after ordering.",food positive <sep> prix fixe positive <sep> appetizer neutral,food positive <sep> prix positive <sep> dinner neutral <sep> appetizer neutral,food positive <sep> prix fixe positive <sep> dinner negative <sep> appetizer neutral
265,"aspect analysis: They have possibly the worst service in New York I have waited until the waiter has finished his paper, begged for water and waited over an hour for my meal.",service negative <sep> waiter negative <sep> water neutral <sep> meal neutral,service negative <sep> waiter negative <sep> meal neutral,service negative <sep> waiter negative <sep> meal neutral
267,"aspect analysis: Renderings of mythical creatures festoon its walls, and heavily tattooed waitresses pick up orders from the open kitchen and chat at the small bar.",waitresses negative <sep> open kitchen neutral <sep> bar negative,waitresses positive <sep> bar neutral,waitresses negative <sep> open kitchen neutral
268,"aspect analysis: The trick to the tomato and onions is ask for it light on the onions, heavy on the tomatoes, order steak for one less person than you have in your party and if the steak is too rare, you can cook the individual pieces more by placing them on the platter around the edges.",tomato and onions neutral <sep> tomatoes positive,trick neutral <sep> onions neutral <sep> individual pieces positive,trick to the tomato and onions neutral <sep> steak positive
269,"aspect analysis: Our waiter brought out three main courses, but the fourth wasn't ready so we had to wait for 10 minutes for the last dish to arrive, but they were very nice and gave us free red pepper hummus while we waited.",waiter neutral <sep> main courses neutral <sep> dish neutral <sep> red pepper hummus positive,waiter positive <sep> main courses neutral <sep> dish positive <sep> red pepper hummus positive,waiter neutral <sep> main courses neutral <sep> dish negative
272,"aspect analysis: Service has improved drastically from the old days, you are now seated by a hostess instead of standing behind a nearby table waiting for them to finish.",Service positive <sep> hostess neutral,Service positive <sep> hostess neutral <sep> waiting neutral,
273,"aspect analysis: The place was packed and while our food took time to be prepared, our waiter earned points for his sparkling conversation to pass time and for also knowing practically every ingredient of every special under consideration.",food neutral <sep> waiter positive,place neutral <sep> food positive <sep> waiter positive,food neutral <sep> waiter positive <sep> ingredient neutral
275,"aspect analysis: While they adhere to a certain traditionality in serving their teas; eg: samovar for the russian, chinese tea sets for the green, the food labours under no such restrictions and there is nothing ordinary on the menu.",serving neutral <sep> teas neutral <sep> food neutral <sep> menu negative,serving neutral <sep> chinese tea sets neutral <sep> green neutral <sep> food positive <sep> menu neutral,serving neutral <sep> chinese tea sets neutral <sep> green neutral <sep> food positive <sep> menu neutral
276,"aspect analysis: The host was playing god with his headset and reservation list, the bar was packed with horney drunken investment bankers, reservations are a joke and after haplessly sliding the plates at us when serving the food, they couldn't wait to collect the plates until we were done.",bar neutral <sep> reservations negative <sep> food neutral,host negative <sep> headset neutral <sep> bar neutral <sep> plates neutral<extra_id_-13> serving neutral food neutral <sep> plates neutral,host negative <sep> reservation list neutral <sep> bar neutral <sep> reservations negative <sep> serving neutral <sep> food neutral
278,"aspect analysis: One would think we'd get an apology or complimentary drinks - instead, we got a snobby waiter wouldn't even take our order for 15 minutes and gave us lip when we asked him to do so.",drinks neutral <sep> waiter negative,drinks neutral <sep> waiter negative <sep> order neutral,
279,"aspect analysis: That's almost enough to prove its legitimacy to me, but eating there, both for a quick slice and sit-down for pasta with my family has always been a delicious, inexpensive and fun experience.",pasta positive <sep> family neutral,slice neutral <sep> pasta positive,slice positive <sep> pasta neutral
280,"aspect analysis: Ok I got the edamame and something from the sushi chef for free, but the quality of food is more important to me than a free small dish (maybe that's why the restaurant gives it to attact new customers.",edamame neutral <sep> sushi chef positive <sep> quality of food positive <sep> dish positive,edamame neutral <sep> sushi chef positive <sep> quality of food negative <sep> dish negative,edamame neutral <sep> sushi chef positive <sep> quality of food negative
281,"aspect analysis: After our meal,the manager, even took some of his time to sit with us and give us a lesson in Sake 101.",meal neutral <sep> manager positive,meal neutral <sep> manager positive <sep> Sake neutral,
282,"aspect analysis: So if he can't find fresh-good product, he'll remove a dish from the menu which I think is fantastic.",dish positive <sep> menu neutral,product positive <sep> menu neutral,product positive <sep> dish neutral <sep> menu neutral
283,"aspect analysis: However, when our waitress realized her faux pas, an extra glass of wine was sent to our table and all was forgiven.",waitress negative <sep> glass of wine neutral <sep> table neutral,waitress positive <sep> glass of wine neutral <sep> table neutral,waitress negative <sep> glass of wine neutral
284,"aspect analysis: impressive balcony seating and while they forgot to give us the cold appetizers, the waiter and maitre'd more than made up for it by being most accomodating to us.",seating neutral <sep> waiter positive <sep> maitre positive,balcony seating positive <sep> appetizers neutral <sep> waiter positive,balcony seating positive <sep> cold appetizers neutral <sep> waiter positive
285,"aspect analysis: Our waiter was a little stressed and brought a couple things out late and as a result, he apologized graciously and gave us wine on the house to compensate for the delay.",waiter negative <sep> wine neutral,waiter positive <sep> wine neutral,
286,"aspect analysis: The Scene Neither trendy and slick nor haute and haughty, it this cozy wine bar adds a bit of Mediterranean sun to the chilly east 70s.",wine bar positive <sep> Mediterranean neutral,Scene neutral <sep> bar positive,Scene negative <sep> wine bar positive <sep> Mediterranean sun neutral
287,"aspect analysis: However, it takes ages to get seated (even with a reservation), and the waiters don't seem very knowledgeable about the menu (or receptive to questions).",reservation neutral <sep> waiters negative,reservation neutral <sep> waiters negative <sep> menu neutral,reservation neutral <sep> waiters negative <sep> menu neutral
288,"aspect analysis: The hostess was totally not accomadating, and even though there were empty tables they still didn't seat us!",hostess negative <sep> seat neutral,hostess negative <sep> tables neutral,hostess negative <sep> tables neutral
289,"aspect analysis: when our server accidentally spilled some wine at our table, he cleaned it up offered us another glass right away.",server positive <sep> wine neutral <sep> table neutral,server negative <sep> wine neutral <sep> table neutral,server negative <sep> wine neutral
291,"aspect analysis: The bill came out to like $100pp, and noone touched their food, and drinks were left untouched because after the first bite/sip you want to never touch it again.",bill neutral <sep> food neutral <sep> drinks negative,bill neutral <sep> food positive <sep> drinks negative,bill neutral <sep> food negative <sep> drinks negative
292,aspect analysis: The space is grand with a very high ceiling although it is one of those places that they keep so dark you are not really sure what you are eating anyway.,space positive <sep> ceiling neutral,,space positive <sep> ceiling negative
293,"aspect analysis: About 10 of us came here for drinks last friday, the atmosphere was good for chatting and hanging out, but not enough lounge or bar space, they should open up the back area w/ more loungable chairs or booths if they want to catch any after dinner sort of bar crowd.",drinks neutral <sep> atmosphere positive <sep> lounge neutral <sep> dinner neutral <sep> bar crowd neutral,drinks neutral <sep> atmosphere positive <sep> lounge negative <sep> bar space negative <sep> chairs neutral <sep> booths neutral <sep> dinner neutral,drinks neutral <sep> atmosphere positive
294,"aspect analysis: It was not the mistake of the frozen lasagna, it was the icy service of the manager which has spoiled this restaurant for me.",frozen lasagna neutral <sep> service negative <sep> manager negative,lasagna neutral <sep> manager negative,lasagna neutral <sep> manager negative
295,"aspect analysis: Also, they upped their prices, so I have their old menu, and was surprised when my bill came to over $5 more than it used to (I know, not a huge deal).",prices negative <sep> menu neutral <sep> bill neutral,prices neutral <sep> menu neutral,prices negative <sep> menu neutral <sep> bill negative
296,"aspect analysis: They crumbed the table once, although it was solied the entire meal.",table neutral <sep> meal negative,table neutral <sep> meal positive,table neutral <sep> meal positive
297,"aspect analysis: My ceasar salad amounted to some limp lettuce and mayo strewn around a large plate, and the only way I might have died for the mac and cheese is due to natural causes while waiting for it to arrive.",ceasar salad neutral <sep> lettuce neutral <sep> plate positive <sep> mac and cheese positive,ceasar salad neutral <sep> lettuce and mayo neutral<extra_id_-13> mac and cheese positive <sep> waiting neutral,ceasar salad neutral <sep> lettuce negative <sep> mayo negative <sep> mac and cheese neutral
298,"aspect analysis: The service was non-existant, the manager spent all of his time at the bar.",service negative <sep> manager negative <sep> bar neutral,service neutral <sep> manager negative <sep> bar neutral,
299,"aspect analysis: the waitress came to ask me how my NY Strip was, and I could not give her an answer b/c no one gave me a steak knife.",waitress negative <sep> steak knife neutral,waitress negative <sep> steak neutral,waitress negative <sep> NY Strip neutral <sep> steak knife neutral
300,aspect analysis: The cupcakes at magnolia's are world famous as of the article in The new york times but although these cupcakes are excellent i would like to say that the people in magnolia's were very rude and another thing was that they were overpriced and this dessert place has very good food!!,dessert neutral <sep> food positive,cupcakes positive <sep> dessert neutral <sep> place positive <sep> food positive,cupcakes positive <sep> dessert place neutral <sep> food positive
301,"aspect analysis: I'd recommend getting an appetizer b/c the dinner takes a bit to be cooked, but it was definitely worth the wait.",dinner neutral <sep> wait positive,appetizer neutral <sep> dinner negative,appetizer neutral <sep> dinner neutral <sep> wait positive
302,"aspect analysis: The waitress was no where to be found at all throughout the course of the meal, did not refill a single drink nor did she bother to inquire about my satisfaction with the food or even bring the check at the conclusion of the meal.",waitress negative <sep> single drink neutral <sep> food neutral,waitress negative <sep> meal neutral <sep> drink neutral,waitress negative <sep> meal neutral
304,"aspect analysis: I had the Rack of Lamb, mushroom stuffies, and champagne and she had the Chicken with Soba noodles and baked clams, and merlot.",Lamb neutral <sep> champagne neutral <sep> Chicken with Soba noodles and baked clams positive,Rack of Lamb neutral <sep> mushroom stuffies neutral <sep> champagne neutral <sep> Chicken with Soba noodles neutral <sep> baked clams neutral <sep> merlot neutral,Rack of Lamb neutral <sep> mushroom stuffies neutral <sep> champagne neutral <sep> Chicken with Soba noodles neutral <sep> clams neutral <sep> merlot positive
306,"aspect analysis: The quality of the sushi was bad, the way it was cut was bad, and the waiters kept trying to clear off my miso soup even when it wasn't finished.",sushi negative <sep> waiters negative <sep> miso soup neutral,quality of the sushi negative <sep> waiters negative <sep> miso soup neutral,quality of the sushi negative <sep> waiters negative <sep> miso soup neutral
307,"aspect analysis: What do you like more, completely addictive patties of greasy beef, or glasses of cheap refreshing beer to wash it down?",patties positive <sep> beef positive <sep> glasses neutral,patties positive <sep> beef negative <sep> glasses of positive <sep> beer positive,beef negative <sep> glasses neutral <sep> beer positive
308,"aspect analysis: Though I wasn't starving, it was still a bit surprising to find four (yes, FOUR) scallops on my plate for dinner.",scallops positive <sep> dinner neutral,,scallops neutral <sep> dinner neutral
309,aspect analysis: I told the waiter that my drink tasted very bad and asked if he could swap it out for a Petron Margarita.,waiter neutral <sep> drink negative,waiter negative <sep> drink neutral <sep> Margarita neutral,waiter negative <sep> drink neutral <sep> Petron Margarita neutral
310,aspect analysis: I couple of weeks ago we went to Supper in the east village and it was so bad that we got up and left and the only way to save the evening of horrible food was to go to Blue Ribbon Bakery and have at least one thing off the menu.,food negative <sep> Bakery neutral <sep> menu neutral,Supper neutral <sep> food negative <sep> Bakery neutral <sep> menu neutral,Supper neutral <sep> food negative <sep> menu neutral
311,aspect analysis: I don't remember the dessert item but when it was brought out flashing lights overhead threw colored beams on the walls and a young waiter came over to our table and did a little dance that was Bollywood MTV for the East Village set.,dessert neutral <sep> waiter negative <sep> dance negative,dessert neutral <sep> waiter negative <sep> table neutral,dessert item neutral <sep> waiter negative
312,aspect analysis: The manager claimed that he could not compensate us for anything on the bill which just shows the lack of sophistication from the entire group.,manager neutral <sep> bill negative,manager negative <sep> bill neutral,manager negative <sep> bill neutral
313,"aspect analysis: Our spastic waiter was running around like a chicken with his head cut off, and, thus, slow to take our order, slow to bring us our drinks (they sat on the bar for 5-10 minutes) and slow to get us the water we had to ask for repeatedly.",waiter negative <sep> drinks neutral <sep> bar neutral <sep> water neutral,,waiter negative <sep> drinks neutral <sep> bar neutral
314,"aspect analysis: Our waitress was very nice, not snotty - she even gave us a free apertif after the meal (and left the bottle on the table).",waitress positive <sep> meal neutral,waitress positive <sep> meal neutral <sep> bottle neutral,waitress positive <sep> meal neutral <sep> bottle neutral
315,"aspect analysis: The piano guy isn't there all the time, but when he is it's a great addition to the meal.",piano negative <sep> meal positive,piano guy negative <sep> meal neutral,piano guy negative <sep> meal neutral
317,"aspect analysis: While dining on a delicate lamb carpaccio, and grilled skate wing, the owner explained that due to low lunch-time patronage, they may be discontinuing lunch altogether.",dining neutral <sep> owner negative,lamb carpaccio positive <sep> owner neutral <sep> patronage negative,dining neutral <sep> lamb carpaccio positive <sep> owner negative
319,"aspect analysis: It took 1 1/4 hours to get our appetizers (how long does salad take) and when we complained to the manager, he barely listened.",appetizers neutral <sep> salad neutral <sep> manager negative,appetizers neutral <sep> manager negative,appetizers neutral <sep> manager negative
320,"aspect analysis: The food was pretty good, but due to our large size (~16) the manager asked us to limit our appetizers to just 3 selections b/c he didn't want to overburden his cooks.",manager negative <sep> appetizers neutral,food positive <sep> manager negative <sep> appetizers neutral,food positive <sep> manager negative <sep> appetizers neutral
321,aspect analysis: It is always hard to find a seat and the selection is not that great but it is one of the few places to get lunch for only a buck.,seat neutral <sep> selection negative,seat neutral <sep> selection negative <sep> lunch positive,seat negative <sep> lunch neutral
322,"aspect analysis: I love the food here, and although it is pricey, the entree comes with rice, naan, dal, and salad, which makes it worthwhile.",food positive <sep> entree neutral <sep> naan neutral <sep> d al neutral <sep> salad positive,food positive <sep> entree neutral <sep> rice neutral <sep> naan neutral <sep> dal neutral <sep> salad neutral,food positive <sep> entree neutral <sep> rice neutral <sep> naan neutral <sep> salad positive
326,"aspect analysis: So inexcpensive that you'd wonder about the sanity of the owners, if they weren't such good cooks.",owners neutral <sep> cooks positive,owners neutral <sep> cooks negative,owners negative <sep> cooks negative
327,aspect analysis: The appetizer came out cold and the waiter came and took it to the kitchen.,appetizer negative <sep> waiter neutral,appetizer neutral <sep> waiter negative <sep> kitchen neutral,appetizer neutral <sep> waiter negative <sep> kitchen neutral
328,aspect analysis: A hour passed until the waitress came over to give us menus and tell us she would be right back another hour later After trying to order fish she informed us that all fish entrees on the menu was sold out We took a minute to make a second choice and tried to order something else that we were told was also sold out.,waitress negative <sep> menus neutral <sep> fish entrees neutral,waitress negative <sep> menus neutral <sep> entrees neutral,waitress negative <sep> menus neutral
331,"aspect analysis: A little pricier than most veggie restaurants, but worth it if only for the dessert menu (as a wheat-sensitive, diabetic vegan, there aren't too many places I can even LOOK at desserts, and this may be the only one where I can actually EAT what they serve me.",veggie neutral <sep> dessert menu positive <sep> vegan positive,veggie neutral <sep> dessert menu positive <sep> serve neutral,dessert menu positive <sep> desserts neutral
333,"aspect analysis: We initially ordered a bottle of wine and the waitress though we may not like it, so she offered us a taste.",waitress negative <sep> taste neutral,bottle of wine neutral <sep> waitress negative <sep> taste neutral,bottle of wine neutral <sep> waitress positive
334,"aspect analysis: dinner on 1st floor (street level) a bit noisy, 2nd floor has bed-style seating that is good for dessert drinks (do not attempt to have entree on the bed, what a mess it will be trying to eat rice dishes with sauce while half-lying down).",dinner neutral <sep> dessert drinks positive <sep> rice dishes neutral,dinner neutral <sep> seating positive <sep> dessert drinks positive <sep> entree neutral <sep> sauce neutral,dinner negative <sep> seating positive <sep> dessert drinks positive <sep> rice dishes with sauce neutral
335,aspect analysis: The waiters have been there for YEARS and they know their steak is amazing.,waiters neutral <sep> steak positive,waiters positive <sep> steak positive,waiters positive <sep> steak positive
336,"aspect analysis: (I will say, the waitress was very sweet and did try to compensate for the chef and owner's poor beh- we gave her a big tip).",waitress positive <sep> chef negative <sep> owner negative,waitress positive <sep> owner neutral <sep> tip positive,waitress positive <sep> owner negative <sep> tip positive
337,"aspect analysis: We politely asked our server for the regular menu, but were told that for large parties they could only offer us the banquet menu (would have gone elsewhere had we known).",server negative <sep> banquet menu neutral,server neutral <sep> regular menu neutral <sep> banquet menu neutral,
338,"aspect analysis: Our waiter never once asked how everything was, as I suspect he knew the kitchen was producing seriously average food.",waiter negative <sep> kitchen neutral <sep> food negative,waiter negative <sep> food negative,waiter negative <sep> food neutral
339,"aspect analysis: When I asked the manager to remove the coffee, she did so without question, but never asked why and never followed up on the issue (she was far too busy flirting with the male waiters).",manager negative <sep> coffee neutral <sep> waiters neutral,,manager negative <sep> coffee neutral <sep> male waiters negative
340,"aspect analysis: As for the food, brunch was average, I would not get the same dish again, and they were slow to serve us.",brunch neutral <sep> dish negative,food neutral <sep> brunch neutral <sep> dish negative,food neutral <sep> brunch neutral <sep> dish negative
343,aspect analysis: I don't even think I would have minded waiting at the bar for over an hour if it weren't so crowded and if they had little tapas for the hungry people forced to wait!,bar neutral <sep> tapas negative,waiting neutral <sep> bar neutral <sep> tapas positive,waiting neutral <sep> bar neutral <sep> tapas negative
344,"aspect analysis: Anyway, I went down on a Wednesday night to see if they had a long wait and the hostess said they had a table to accomodate my party.",wait negative <sep> table neutral,wait neutral <sep> hostess positive <sep> table neutral,wait neutral <sep> hostess negative <sep> table neutral
345,aspect analysis: On Friday night the busboy was sulky verging on rude; he brought the fries (ordered for the entrees) twice before the appetizers came and then again the minute we'd finished them and looked put out to be asked to take the empty plates away.,busboy negative <sep> appetizers neutral,busboy negative <sep> fries neutral <sep> entrees neutral<extra_id_-13> appetizers neutral <sep> plates neutral,
346,"aspect analysis: Watch out for the overworked, stressed out waitress who dumps tapa dishes on the table and leaves w/out announcing what it is.",waitress negative <sep> dishes neutral <sep> table neutral,waitress negative <sep> tapa dishes neutral <sep> table neutral,waitress negative <sep> tapa dishes neutral
347,"aspect analysis: They were out of Hennessy, Alize, Mojitos, Pinot Grigio and the list goes on and on with at least 20 other liquors that they did not have, not to mention the drink list is very limited and does not include a wide selection of interesting drinks.",Mojitos neutral <sep> Pinot neutral <sep> drink list negative <sep> drinks negative,Alize neutral <sep> Mojitos neutral <sep> list positive <sep> drink list negative <sep> drinks negative,Alize neutral <sep> Mojitos neutral <sep> Pinot Grigio neutral <sep> drink list negative
