 ,Generated Text,Actual Text,Original Sentence
0,,menu neutral <sep> prices positive,In fact you can find their menu offerings at other places for better qualities and lower prices.
1,,food positive <sep> service negative,Been here a few times and food has always been good but service really suffers when it gets crowded.
2,(even neutral,service positive <sep> decor positive <sep> steak negative,It's sad that everything about this place was great (even the service and decor) except for the steak.
3,calamari positive <sep> polenta. positive,Appetizers positive <sep> bountiful calamari plate neutral <sep> appropriately earthy mushroom polenta neutral,"Appetizers are the safest bet, including a bountiful calamari plate or the appropriately earthy mushroom polenta."
4,Madison negative,burgers positive <sep> fries positive <sep> local dinner neutral,Ive had better burgers and fries at the local dinner in my neighborhood: 3 guys dinner on 96th and Madison Avenue.
5,Hunky neutral,Scene neutral <sep> waiters negative <sep> diners neutral <sep> darling neutral,The Scene Hunky waiters dub diners darling and it sounds like they mean it.
6,,wait staff negative <sep> bar neutral,"Instead, 4 members of the wait staff were giggling and carrying on at the corner of the bar."
7,wait neutral,beer neutral <sep> order negative,"We had to wait 20 minutes before getting a beer, and we never got our burger order."
8,,service neutral <sep> meal neutral <sep> wait positive,"We had no problems with our resevations and found the service and the meal well worth a wait, had we run into one."
9,like neutral,fish negative <sep> waitress neutral <sep> manager neutral,One of our diners didn't like her fish and both the waitress and the manager insisted on replacing it.
10,On neutral <sep> drinks neutral <sep> from. negative,menu neutral <sep> meals positive,"On the menu, there are many inexpensive snacks, drinks and meals to choose from."
11,nothing positive,dining neutral <sep> environment positive <sep> Food positive,My dining companion and I have nothing but raves about the environment and the Food.
12,tried positive <sep> get positive <sep> seemed neutral,waiting neutral <sep> table neutral <sep> drink neutral <sep> waiters negative,"While waiting for a table, tried to get a drink from a bartender who seemed more interested in arguing with his waiters."
13,There positive <sep> items neutral <sep> slice positive <sep> above. neutral,pie neutral <sep> pizza positive,"There should be more choices of items to load on the pie, still quality of their classic pizza is a slice above."
14,I negative,meat positive <sep> cheese positive <sep> sauce neutral,"The meat, onions, and cheese were good as was the roll, but I'd go back if I could forego the sauce."
15,,appetizers positive <sep> baked fontina neutral <sep> lentil cake neutral <sep> french onion soup neutral <sep> salads positive,"Rich appetizers (baked fontina, lentil cake, french onion soup) and ample, tasty salads."
16,husband positive <sep> dinner negative,dinner neutral <sep> place neutral <sep> atmosphere positive,Went here with my husband on a Saturday night for dinner since the place looked like it had great atmosphere.
17,first positive,bartender positive <sep> wait staff positive <sep> appreciated positive <sep> customer neutral,"The bartender, the wait staff and management all put the customer first and that was clear and much appreciated."
18,prices. negative,attitude positive <sep> managers positive <sep> food negative,"I find the attitude of the managers to be appallingly superior, and the food below average, at sky-high prices."
19,,Brunch neutral <sep> service negative,I recently ate Brunch there and was dismayed and dissapointed by the service.
20,,food positive <sep> price negative,") The food was good, but not at all worth the price."
21,detail neutral,specials positive <sep> wine neutral,He described the specials in great detail and gave wine and appertizer suggestions.
22,sized positive <sep> person neutral <sep> cluding neutral,portions negative <sep> cluding wine neutral,The portions were kid sized and we spent about $100 a person in cluding wine (4 of us).
23,kitchen neutral <sep> list negative <sep> like neutral,list positive <sep> American bar food staples neutral <sep> burgers neutral <sep> fries neutral,"The kitchen turns out a long list of American bar food staples, like burgers and fries."
24,"here, positive <sep> place positive",dinner neutral <sep> place negative,"When we went to dinner here, the place was empty, which should have been a clue."
25,relaxing positive,backyard neutral <sep> alternative positive <sep> tables positive,"The backyard provides a relaxing alternative, with wood-planked walls, climbing vines and umbrella-topped tables."
26,bother positive,host positive <sep> menu neutral,Bernard is a great host; it didn't bother me a bit that he recited the entire menu to my wife.
27,When positive <sep> water. negative,waitress negative <sep> water neutral,"' When I called the waitress on it, she said that they simply couldn't serve tap water."
28,octopus negative <sep> grill. neutral,fish positive <sep> grill neutral,Telly's has the best octopus ever and the fish was so good on the grill.
29,,salad positive <sep> pasta negative,the salad was good but my friends hardly ate their pasta.
30,gallo negative <sep> delicious neutral <sep> course negative <sep> quite positive,chicken breast with mole sauce neutral <sep> guacamole neutral <sep> sour cream and pico de positive,"The chicken breast with mole sauce, guacamole, sour cream and pico de gallo is a delicious main course and quite filling."
31,,Buffet lunch neutral <sep> sauce negative,"We went for Buffet lunch and the sauce was water down, not at all spicy."
32,8 negative <sep> tax neutral,drink neutral <sep> tip positive,"ran ~$30 ($12 for the taco, 8 for the rb, 10 fir the drink) plus tax and a very deserved tip."
33,We positive,waitress negative <sep> drinks neutral,We hunted the waitress to at least pay for the drinks.
34,,bar neutral <sep> place negative,"Otherwise, you can eat at the bar (It was Saturday afternoon and the place was empty)."
35,,fried catfish negative <sep> seasoning negative <sep> yams positive <sep> mac and cheese positive,"I ordered the fried catfish, which had very little to no seasoning, the yams, and mac and cheese which were just okay."
36,every positive,waiter positive <sep> menu neutral,The waiter knew about every item on the menu and explained it very well.
37,", negative <sep> HAD neutral <sep> BETTER positive <sep> FOR positive <sep> JUST positive",PRICED negative <sep> MEALS positive,"WAY OVER PRICED , HAD MUCH BETTER MEALS FOR JUST OVER HALF THE PRICE IN PLACES JUST AS NICE."
38,,peanut sauce negative <sep> glass neutral,the peanut sauce came in a tiny plastic cup smaller than a shot glass.
39,nose. positive,manager negative <sep> glass of water neutral,Ten minutes later the manager relented and dropped off a glass of water with an upturned nose.
40,miso negative <sep> food. negative,california roll neutral <sep> food positive,"They each included salad, miso soup, a california roll, and a whole plate of food."
41,planned neutral <sep> Kurio negative <sep> ended positive,holiday dinner neutral <sep> waiting negative <sep> appetizers neutral,I planned a holiday dinner at Kurio and we ended up waiting two hours for the appetizers.
42,found. negative,food positive <sep> server negative,The food was barely decent and our server was nowhere to be found.
43,got positive <sep> bar neutral,bar positive <sep> meat neutral,They've also got a huge salad/sushi/appetizer bar that you won't even get to if you're eating the meat.
44,crust neutral <sep> sauce neutral,pizza crust negative <sep> cheese positive <sep> sauce positive,"Amazing crust (and I hate pizza crust typically), great cheese, sauce isn't too sugary."
45,,waiter negative <sep> water neutral,We were however seated right away and was immediately told by our waiter that they were out of sparking mineral water.
46,"time, negative <sep> after, negative <sep> status. neutral",waiting negative <sep> host neutral,"The third time, after, an hour and a half of waiting, my friend went up to the host to check the status."
47,waited neutral,waitress negative <sep> drink neutral <sep> entrees neutral,We had to flag the waitress down to get a drink refill and waited an extrodinarily long time for our entrees.
48,"dessert, neutral <sep> subtle positive <sep> rice positive",dessert neutral <sep> flan positive <sep> rice pudding positive,"For dessert, go with the delicate, subtle flan over the pasty rice pudding."
49,gotten negative <sep> lucky negative <sep> I've positive <sep> ten positive,seating positive <sep> wait neutral,"Maybe I've just gotten lucky with seating, but I've never had more than a ten minute wait."
50,"Start negative <sep> ready, neutral <sep> go positive <sep> food! positive",atmosphere positive <sep> bar neutral,"Start by enjoying the atmosphere while having a glass of wine at the bar and we you are ready, go and enjoy your food!"
51,wheast neutral <sep> bring neutral,waiter negative <sep> brunch neutral,We ordered whole wheast toast; the waiter didn't bring it until 15 minutes after we had received our brunch.
52,dinner neutral,portions negative <sep> dinner neutral,"In retrospect, that was kind of foolish, as the portions for dinner were obscene."
53,chop negative <sep> sweet. neutral,mango salsa with fish cake negative <sep> apple suace negative <sep> pork chop neutral,"The mango salsa with fish cake was too sour, the apple suace for pork chop too sweet."
54,The positive <sep> service negative <sep> rather negative <sep> obliging. neutral,service negative <sep> waiter positive,The service was rather slow but our waiter was very pleasant and obliging.
55,interacting neutral <sep> enjoy negative,employees neutral <sep> treats positive,"If you don't mind interacting with sour-puss employees, then by all means, enjoy the treats at Sweet Melissa."
56,,service negative <sep> setting negative <sep> food positive,"While the service and setting were average, the food was excellent."
57,food. neutral,place negative <sep> taste neutral <sep> food positive,"We were so excited since I was reading great review of this place, however we were disappointed with the taste of the food."
58,table positive <sep> food. positive,table neutral <sep> manager negative <sep> food negative,"Also, overheard gent at the next table complaining to the manager about his food."
59,,waiting negative <sep> plates neutral,At 1:15 we were still waiting for our plates!
60,next. neutral,reservations neutral <sep> waiting negative,I had reservations for 9:30pm and after waiting more that 50 mins and bunch of lies that you're next.
61,pizza positive,pizza positive <sep> lunch neutral,Great pizza for lunch place.
62,ordered neutral <sep> tell positive,sushi neutral <sep> delivery positive,seems everyone ordered sushi there were tons of delivery orders (we can tell as we sat near the back).
63,,waiters negative <sep> menus neutral,"Arrive at 7:00pm, the waiters didn't give us our menus till an 1 1/2 hour later."
64,for. neutral,round pizza negative <sep> Sicilian positive,"The round pizza doesn't taste as good as I recall, it's still wonderful, but the Sicilian is to die for."
65,menu negative <sep> - negative <sep> huh? positive,new bar menu neutral <sep> bread negative,"I'm also a big fan of the chicken pizza on their new bar menu (no bread - weird, huh?"
66,"space-age positive <sep> place, negative <sep> at. positive",vibe negative <sep> tables positive,"I'm totally into the space-age vibe of this place, but I wish they had more tables to sit down at."
67,The positive,server negative <sep> food neutral,The server was so busy the night we visited that she forgot to put in our food order.
68,There neutral,price negative <sep> menu neutral,"There are no price listed in the menu, and she will not provid them with a smile."
69,really neutral,food positive <sep> served neutral,The food was served promptly and was really hot.
70,,Food negative <sep> portions positive,"The Food This isn't for those on a budget, but portions are generous."
71,furnishings negative <sep> level neutral <sep> great negative,Candles neutral <sep> furnishings positive <sep> music positive <sep> experience positive,"Candles on the tables, cozy furnishings and music at just the right level make it a great dining experience."
72,,waiter negative <sep> menu neutral,I always find myself asking the waiter to make something bland and different than what is on the menu.
73,,wait negative <sep> table neutral,The wait for a table is interminable.
74,better positive <sep> entree positive <sep> $8-10 neutral,price positive <sep> lunch positive <sep> appetizer neutral,"Great value for the price-- lunch is an even better value, with entree and appetizer for between $8-10 or so."
75,food neutral,brunch neutral <sep> food negative,"went there for sunday brunch after a wonderful massage - the food was terrible-bland/tasteless, cold, expensive."
76,thrown positive <sep> away positive,concoction negative <sep> Bar neutral,The concoction was thrown away a mere two blocks from the Bar.
77,- negative <sep> ceviche! negative,calamari app neutral <sep> scallop ceviche negative,"Had the calamari app, which TGIFriday's makes better, and the scallop ceviche - that is NOT ceviche!"
78,"chefs negative <sep> Menu, neutral <sep> much negative <sep> food neutral",Menu neutral <sep> food negative,"Maybe it was the choices the chefs had put on the Restaurant Week Menu, but much of our food was just so-so."
79,summer negative <sep> chicken positive,shrimp summer role positive <sep> shrimp dishes neutral,"I love the shrimp summer role, chicken kabob's, and all the chicken and shrimp dishes."
80,People neutral,lunch neutral <sep> waiting neutral <sep> burger negative,People will literally spend their entire lunch break waiting and for what - an average fastfood burger.
81,prices neutral <sep> better neutral,prices negative <sep> food positive,We would rather pay more prices and expect the better food and service.
82,us neutral <sep> took neutral,server negative <sep> drink neutral,"We finally flagged down another server who brought us more to drink, and then they took forever with the check."
83,,wine neutral <sep> bartendars positive,THe bartendars were right on top of getting us our wine and setting up free blue cheese dip and chips for us.
84,surprisingly positive <sep> uninformed neutral <sep> even negative,waitstaff negative <sep> waiter positive,"The waitstaff are surprisingly uninformed and unintelligent, and I say this even though I liked my waiter."
85,,food neutral <sep> flavor positive,Most of the food has a vinegary flavor (I think because of the injera).
86,crowded neutral <sep> smoking positive,blue shirted cigar negative <sep> reservation neutral,"It does get crowded with plenty of blue shirted cigar smoking wannabes, so make a reservation."
87,,service positive <sep> waiter negative,service was attentive at the beginning but the waiter lost us towards the end and we had to flag them down for the check.
88,"price negative <sep> ($8), positive",price neutral <sep> quality of the buffet positive,"For the price ($8), the quality of the buffet is great!"
89,far positive <sep> salad positive <sep> seasoning negative,drinks neutral <sep> salad negative <sep> seasoning negative,The bottom line is that Mercadito is All style and No substance (the drinks had far too much salad and seasoning in them.
90,"atmosphere negative <sep> warm, negative",atmosphere positive <sep> lighting negative <sep> menu neutral,"The atmosphere was warm, sexy, and very romantic but the lighting wasn't good for reading the menu."
91,,sushi negative <sep> Korean fare neutral,"After reading the negative sushi reviews, my boyfriend and I opted for their Korean fare."
92,"Entree positive <sep> two positive <sep> adults, neutral",Entree neutral <sep> dishes positive,"One Entree from their restaraunt is enough to fill two adults, not to mention that all their dishes are out of this world."
93,afford positive,waitress neutral <sep> salmon negative <sep> dish neutral,"When I asked the waitress, she told me they couldn't afford the salmon, and had changed the dish (though not on the menu)."
94,The negative <sep> touch. positive,food neutral <sep> mix of sandwiches positive <sep> salads positive <sep> appetizers positive,"The food was a mix of sandwiches, salads and appetizers that were mostly healthy and had a nice Brazilian touch."
95,waitress positive <sep> took neutral,waitress negative <sep> menu neutral <sep> food neutral,"The waitress took our menu away, without taking our food order!"
96,,dinner neutral <sep> waiter negative <sep> mojitos neutral,To make matters worse an hour into our dinner we see a waiter take mojitos to another table.
97,"each, positive <sep> cold positive",eggs negative <sep> food neutral,"about 10 minutes apart each, so we were all eating cold eggs by the time we got our food."
98,,drinks neutral <sep> manager negative,"After demanding a free round of drinks from a third manager, our party decided to bail on this horrific french import."
99,French positive,dinner neutral <sep> drink neutral <sep> French cosmos positive,"Been there a few times for dinner, brunch or just a drink (the French cosmos are fantastic) and it just keeps getting better."
100,course positive <sep> together neutral <sep> even positive <sep> bring neutral,salad neutral <sep> main course neutral <sep> dessert menu negative,They served the salad and the main course together and didn't even bring the dessert menu.
101,,diners neutral <sep> meal positive,This happened while many diners were enjoying their meal and it was rudes.
102,wait neutral,burgers neutral <sep> wait staff negative,"We preferred to gaze at our burgers while avoiding having to look at the wait staff, but no complaints."
103,,food positive <sep> presentation neutral,All the food was carefully prepared and the presentation was a cut above.
104,,waiter negative <sep> menu neutral <sep> kitchen neutral,"The waiter didn't know the menu, didn't bring more than one item at a time, and put some orders in twice with the kitchen."
105,menus positive,deserts negative <sep> waiters negative <sep> menus closed neutral,"deserts were slow to order as waiters passed us twice, even with the menus closed."
106,around negative,dinner negative <sep> waiting area neutral,There were a lot of scensters who couldnt afford dinner hanging in the waiting area so we got bumped around a lot.
107,,staff negative <sep> menus neutral <sep> dinner neutral,"The staff even went out of their way to print up menus without prices at my request, since the dinner party was my treat."
108,"reservations, neutral <sep> ended positive <sep> waiting positive",reservations neutral <sep> waiting negative,"Despite reservations, we ended up waiting for 1hr+"
109,can't positive <sep> stuffed neutral,mussels marina positive <sep> appetizer neutral,"The mussels marina are a must for an appetizer, although you can't go wrong with the stuffed artichoke either."
110,manager positive <sep> lemon positive <sep> ceasar positive <sep> ceasar neutral <sep> ruined positive,manager negative <sep> lemon juice neutral <sep> ceasar dressing neutral,then the manager gave us lemon juice instead of ceasar dressing for a ceasar salad which ruined the salad.
111,sauce). negative,sardinian Stuffed Squid positive <sep> Catfish neutral <sep> sauce neutral,Had a mouthwatering sardinian Stuffed Squid and a Catfish fiumarola from Rome( think was capers and anchovies sauce).
112,got neutral <sep> guac neutral <sep> 20 negative <sep> later). positive,guac neutral <sep> drinks negative,got the guac but no drinks until it was all gone (approximately 20 minutes later).
113,apparently neutral,meal neutral <sep> server negative,"Towards the end of our meal, a server came out, apparently our orders had been double-filled."
114,customer positive,served positive <sep> service negative,This place would be so much better served by being run by a group that actually understands customer service.
115,perfect positive <sep> combo negative,meal positive <sep> bar neutral <sep> King crab neutral,"The perfect meal; delux combo raw bar as an appetizer, King crab as your entree."
116,"dinner, negative",wait staff negative <sep> drinks neutral <sep> dinner neutral,"If you don't care about the wait staff as long as they bring you your drinks and dinner, then go to Opa."
117,courses. neutral,appetizers positive <sep> main courses neutral,"Food was average, the appetizers were better than the main courses."
118,food positive <sep> always positive <sep> outrageous negative,food positive <sep> waitress negative,"Sure the food was - as always - very good, but we were quite outrageous about the waitress."
119,go negative <sep> hang negative <sep> bar negative,dinner neutral <sep> drink neutral <sep> bar neutral <sep> staff positive,"I go there to eat dinner, brunch, or to just drink and hang out at the bar with the friendly staff."
120,week positive,dinner neutral <sep> food positive,My husband and I had dinner here last week and the food was very good.
121,eaten neutral <sep> food positive,lunch neutral <sep> dinner neutral <sep> food positive,"we live down the street and have eaten here many times for lunch and dinner, and the food is consistently terrific."
122,"great, negative <sep> chef negative",service positive <sep> chef neutral <sep> dish positive,"The service was great, the chef even gave me a complimentary dish."
123,awesome neutral <sep> tables. positive,decore positive <sep> fish positive <sep> tables neutral,"the place has an awesome decore, with fish swiming below certain tables."
124,pared positive,Lobster ceviche positive <sep> mango neutral,Lobster ceviche was amazing pared with mango.
125,,Decor positive <sep> bathrooms negative,"Decor is old, but the bathrooms are clean and updated."
126,drink. positive,Prices positive <sep> appetizers neutral <sep> main course neutral <sep> drink neutral,"Prices are reasonable, probably $55/pp with appetizers, main course, dessert and a drink."
127,excellent neutral,hostess neutral <sep> service positive,This was not the same hostess I usually see there who happens to be very sweet and provides excellent service.
128,The positive <sep> snobby positive <sep> asked positive,servers negative <sep> slice neutral,The servers were snobby and got mad at me when I asked if they serve by the slice.
129,Try positive <sep> cream neutral <sep> wheat positive,olive cream cheese positive <sep> lox spread positive <sep> bagel neutral,Try the olive cream cheese or the lox spread on a whole wheat everything bagel.
130,grow neutral <sep> dining negative,dining neutral <sep> eateries negative,"Sometimes I grow a bit weary of dining in those pretentious, haughty taughty, high fashion eateries."
131,,meat positive <sep> vegetables negative,"The meat was great, but vegetables needed flavor and etc."
132,"to, positive <sep> food, positive <sep> away neutral",drink neutral <sep> pleasures positive <sep> food positive,"However, if you want to, drink and enjoy the pleasures of food, Sam's is your new home away from home."
133,"For negative <sep> dinner, positive",dinner neutral <sep> vibe positive,"For a normal dinner, I prefer a place that has a bit more room and that has a slightly more relaxed vibe."
134,,Chinese food positive <sep> deluxe dining room neutral,Shun Lee has been serving creative Chinese food in a deluxe dining room for 30 years--they must be doing something right!
135,"cheese, neutral",smoked salmon appetizer positive <sep> goat cheese neutral <sep> onions neutral,"The smoked salmon appetizer was pretty good (it comes with goat cheese, calpers and onions)."
136,courteous negative,staff positive <sep> detail neutral,The staff was courteous and explained the menu with detail.
137,,waiting neutral <sep> chairs negative,there's always people waiting to be seated and the chairs are not comfortable.
138,attentive neutral,waitress negative <sep> food positive,Our waitress was a bit cold but she was still attentive and food came quickly.
139,,meal neutral <sep> manager positive,"After our meal,the manager, even took some of his time to sit with us and give us a lesson in Sake 101."
140,dish positive,dish positive <sep> menu neutral,"So if he can't find fresh-good product, he'll remove a dish from the menu which I think is fantastic."
141,ranging neutral,prices positive <sep> entrees neutral,The prices seemed reasonable with entrees ranging from $14-$25.
142,bar positive <sep> away neutral,bar neutral <sep> front neutral <sep> tables negative,it would be better to place the bar closer to the front of the restaurant and away from the tables.
143,abruptly negative,table neutral <sep> manager negative,"we wanted to join another 2 top table to ours and the manager abruptly said, that won't work for us!"
144,A) positive <sep> pleasant neutral,service negative <sep> food positive <sep> ambience positive <sep> wait positive,"The only drawback was slow service, but the food and ambience are so nice that your wait is A) pleasant and B) worth it."
145,"somosas, neutral <sep> dissapointing. neutral",somosas positive <sep> chai positive <sep> chole positive <sep> dhosas negative <sep> dhal negative,"I like the somosas, chai, and the chole, but the dhosas and dhal were kinda dissapointing."
146,,Dinner neutral <sep> portions negative,"Dinner is okay - not many vegetarian options, and the portions are small."
147,"destination neutral <sep> restaurant, negative <sep> hungry negative <sep> quality neutral <sep> money. neutral",breakfast neutral <sep> portions positive <sep> quality positive,"Not a destination restaurant, but if you're hungry for breakfast or lunch, big portions and good quality for the money."
148,dinner neutral <sep> suggestion) neutral <sep> Had positive,mussels positive <sep> smoked salmon negative <sep> appys neutral,Had a dinner date (her suggestion) :) Had the mussels (really good) and smoked salmon (not the best) for appys.
149,server neutral <sep> check positive <sep> order negative,server negative <sep> water neutral <sep> dessert neutral,"Our server did not check on us, ask if we needed anything, refill our water or get our dessert order right."
150,,waitress negative <sep> glass of wine neutral <sep> table neutral,"However, when our waitress realized her faux pas, an extra glass of wine was sent to our table and all was forgiven."
151,(Though neutral,filet negative <sep> apitites positive,(Though the filet won't be enough if both have hearty apitites.
152,,prices positive <sep> dinner neutral <sep> tip neutral,The prices weren't bad though - dinner ended up at $80 with tip and we had a couple drinks as well.
153,sizes; neutral,portion positive <sep> drink list neutral,My only advice is: increase portion sizes; and develop a special drink list.
154,price neutral,wait neutral <sep> food positive,"No matter what, you should expect a wait, big deal, small price to pay for great food as far as I'm concerned."
155,Service positive <sep> one neutral <sep> joint neutral,Service negative <sep> price category neutral,Service is not what one would expect from a joint in this price category.
156,get positive <sep> order positive <sep> appetizers neutral,table neutral <sep> appetizers neutral <sep> waitresses positive,Anyway we get a table and order some appetizers from one of the waitresses who was pleasently nice.
157,feta positive <sep> filo negative,filo dough neutral <sep> deep fried neutral <sep> appetizer positive,The feta cheese wrapped in filo dough and deep fried is a MUST TRY appetizer.
158,us! neutral,hostess negative <sep> seat neutral,"The hostess was totally not accomadating, and even though there were empty tables they still didn't seat us!"
159,,service negative <sep> glass neutral <sep> water neutral,the service was slow took ten mins to get me a glass of water.
160,"wine neutral <sep> table, neutral <sep> offered neutral",server positive <sep> wine neutral <sep> table neutral,"when our server accidentally spilled some wine at our table, he cleaned it up offered us another glass right away."
161,,cost neutral <sep> ingredients positive,maybe its the cost of top ingredients but 17.
162,"Orleans, positive <sep> long positive",wait negative <sep> food positive <sep> service positive,"Ive been to Jacques-Imo in New Orleans, the wait is long (3+ hours) but the food and service more than makes up for it."
163,service neutral,drinks neutral <sep> service negative,"Went with a girlfriend, waited for over an hour while we had drinks, food was ok, service was terrible."
164,romantic positive,atmosphere positive <sep> dinner negative,"Very pleasant atmosphere, not a quiet romantic dinner."
165,,2 cheese slices positive <sep> drink neutral,They also have a great deal of 2 cheese slices and a drink for $3.
166,,place negative <sep> table neutral <sep> menu neutral,"The place was so dark, I needed the table candle to read the menu and could not properly see what I was eating."
167,"dumplings, positive <sep> certainly neutral",jelly fish positive <sep> drunken chicken positive <sep> soupy dumplings positive <sep> stir fry blue crab neutral,"I recommend the jelly fish, drunken chicken and the soupy dumplings, certainly the stir fry blue crab."
168,,frozen lasagna neutral <sep> service negative <sep> manager negative,"It was not the mistake of the frozen lasagna, it was the icy service of the manager which has spoiled this restaurant for me."
169,,table neutral <sep> meal negative,"They crumbed the table once, although it was solied the entire meal."
170,,coffee neutral <sep> water neutral <sep> server negative,"We asked for more coffee, water and couldn't even get that from our server."
171,The positive <sep> pulled positive <sep> crocks neutral,Food positive <sep> tamales positive <sep> counter neutral,"The Food Regulars swear by the tamales, which are spongy, well-seasoned and pulled from steaming crocks on the counter."
172,"server, negative <sep> hour? positive",tip neutral <sep> server negative,"Not including the tip for our server, who we saw twice in an hour?"
173,selection positive,white sangria neutral <sep> tapas positive,Get a pitcher of red or white sangria and choose from a large selection of tapas.
174,,dinner positive <sep> salad neutral,and am content with a dinner of just the grilled tentacles and salad.
175,,service negative <sep> manager negative <sep> bar neutral,"The service was non-existant, the manager spent all of his time at the bar."
176,A neutral <sep> 2 negative <sep> - positive <sep> dessert. neutral,waiting negative <sep> dessert neutral,"A 3 course-meal took 2 1/2 hours, including 20 - 30 minutes waiting to get the check after dessert."
177,came positive <sep> knife. positive,waitress negative <sep> steak knife neutral,"the waitress came to ask me how my NY Strip was, and I could not give her an answer b/c no one gave me a steak knife."
178,bit negative,dinner neutral <sep> wait positive,"I'd recommend getting an appetizer b/c the dinner takes a bit to be cooked, but it was definitely worth the wait."
179,,servers positive <sep> food neutral,"very nice servers, but they seemed more interested in conversing with the regulars than bringing food and being attentive."
180,,Service negative <sep> kaiseki dinners neutral <sep> entree neutral,Service was not snooty and you'll be treated the same whether you order one of the $150+ kaiseki dinners or a single entree.
181,"thin-crust neutral <sep> roll, positive <sep> Indiana. neutral",fish tacos positive <sep> pizza with fresh mozzarella positive <sep> lobster roll neutral,"The crispy fish tacos, the thin-crust pizza with fresh mozzarella, the lobster roll, the bratwurst direct from Indiana."
182,sauce negative,calves liver neutral <sep> sauce positive <sep> fried onions positive,Had the calves liver alla veneziana in a fine rich and complex sauce with perfectly fried onions.
183,AWESOME positive <sep> pasta). negative,eggplant parmasean positive <sep> main course neutral <sep> shrimp with pasta neutral,The eggplant parmasean was AWESOME (I don't even like eggplant) but my main course was just ok (shrimp with pasta).
184,completely neutral <sep> down? neutral,patties positive <sep> beef positive <sep> glasses neutral,"What do you like more, completely addictive patties of greasy beef, or glasses of cheap refreshing beer to wash it down?"
185,WAITER positive <sep> THE neutral,manager positive <sep> WAITER negative,"The manager apologized and gave us back $20 for the difference, BUT THE WAITER NEVER RETURNED THE $120 CASH WE PAID."
186,food negative,food positive <sep> service negative,The food was great so that made up for the lack of service from the waitress.
187,bit positive,scallops positive <sep> dinner neutral,"Though I wasn't starving, it was still a bit surprising to find four (yes, FOUR) scallops on my plate for dinner."
188,,waiter neutral <sep> drink negative,I told the waiter that my drink tasted very bad and asked if he could swap it out for a Petron Margarita.
189,The negative <sep> price neutral <sep> fix neutral <sep> regular positive,waitress negative <sep> price neutral <sep> menu neutral,The waitress gave us attitude because we orderred the price fix and not the regular menu.
190,And negative,jazz bar neutral <sep> garden dining positive,"And with all their recent additions (a jazz bar, and fabulous garden dining) I find that I visit more now than ever."
191,The negative <sep> specific negative,waitress negative <sep> wine suggestion neutral,The waitress could have been more specific when I asked for a wine suggestion.
192,"The neutral <sep> promptly, positive <sep> seen neutral",waiter positive <sep> drinks neutral,"The waiter appeared promptly, took our order, bought us drinks and was never to be seen again."
193,,service negative <sep> desserts positive,"The service can be lacking at times, but the desserts and overall experience certainly counter this flaw."
194,,waiter negative <sep> wine neutral <sep> meal neutral,The waiter seemed astounded that I ordered no wine or alcohol -- just water -- with my meal.
195,,turkey melt neutral <sep> fries positive,"I had a turkey melt, the turkey was fresh, fries were good."
196,"bill, negative <sep> sign. negative",bartender negative <sep> bill neutral,"Lastly, the bartender didnt give me detailed bill, just my credit card receipt to sign."
197,one neutral <sep> small positive,shrimp negative <sep> broiled scallops neutral,"00 one does expect more than three small shrimp, one crab cake and two broiled scallops."
198,We positive <sep> showed positive,reservations neutral <sep> manager negative <sep> wait negative,We had reservations and when we showed up the manager told us the wait was over 45 mins.
199,room positive,ambience negative <sep> bar neutral <sep> noise negative,"The ambience was all wrong, the bar opened into the main dining room causing the noise to flow into the room."
200,,pizza positive <sep> service negative,yes this place has good pizza but HORRIFIC HORRIFIC delivery service.
201,dining negative <sep> point positive,dining room neutral <sep> food positive,The execution in the dining room was on point and we never had any service or food issues.
202,,main course neutral <sep> Beef Negimaki positive,"For the main course, try out the Beef Negimaki."
203,They neutral <sep> mentality. negative,drinks neutral <sep> service negative,"They were rude, didn't know their drinks and were unable to demonstrate any professionalism in their service mentality."
204,dinner neutral,dinner neutral <sep> meal positive,"Breakfast, lunch or dinner - Teresa's serves up a hearty meal each and every time."
205,larger neutral <sep> table. neutral,crowds positive <sep> dinner neutral <sep> table neutral,"With the large crowds here and the larger menu, be prepared to wait for your dinner to arrive at your table."
206,gave negative <sep> us positive <sep> free positive <sep> meal neutral <sep> (and neutral,waitress positive <sep> meal neutral,"Our waitress was very nice, not snotty - she even gave us a free apertif after the meal (and left the bottle on the table)."
207,bar neutral <sep> wines. negative,bar neutral <sep> wines positive,Just sit at the bar and sip some amazing Italian wines.
208,- positive,decor positive <sep> place negative,Nice decor - but the place is so crowded and noisy you can't enjoy it.
209,guy negative,piano negative <sep> meal positive,"The piano guy isn't there all the time, but when he is it's a great addition to the meal."
210,When neutral <sep> like positive <sep> something negative <sep> menu. negative,pizza positive <sep> menu neutral,"When my brother and I we had too much pizza in New York, we would like to order something else from the menu."
211,The positive <sep> greasy neutral,nachos positive <sep> onion bloom negative <sep> calamari negative,"The nachos were very very good, but the onion bloom felt too greasy and the calamari was soggy."
212,menu negative <sep> appetizers neutral,Food neutral <sep> array positive <sep> appetizers positive,The Food The menu features a wide array of Hawaiian- and Asian-flavored appetizers and entrees.
213,20 negative,waiter negative <sep> drinks neutral,"Our waiter was not attentive, we waited about 20 mins just to order drinks."
214,prompt negative,wait negative <sep> Brunch neutral,Seating is usually very prompt but expect a wait at peak times such as Sunday Brunch.
215,,atmosphere negative <sep> music positive <sep> coffee positive,"The atmosphere's a bit grungy, yes, but the music and the coffee are good."
216,"include positive <sep> pinoli), negative <sep> tarts neutral",cannoli neutral <sep> cookies neutral <sep> white cakes positive,"Other temptations include spumoni, tortoni, cannoli, cookies (try the pinoli), tarts and fluffy white cakes to order."
217,"I neutral <sep> would positive <sep> meal, positive",wait staff negative <sep> meal positive,"I would have told the wait staff if anyone had asked me if I enjoyed my meal, but no one asked."
218,,service positive <sep> food negative,"This time, the service was decent and the food was mediocre at best."
219,I positive,food positive <sep> entree neutral <sep> naan neutral <sep> d al neutral <sep> salad positive,"I love the food here, and although it is pricey, the entree comes with rice, naan, dal, and salad, which makes it worthwhile."
220,,appetizers neutral <sep> Thai food neutral <sep> Japanese food positive,"I'm not a fan of any of their appetizers or Thai food, but their Japanese food is great."
221,,waiter negative <sep> dish neutral <sep> dessert neutral <sep> mix up neutral,our waiter forgot a dish and we were constantly checked on afterwards and treated to a complimentary dessert for the mix up.
222,going neutral,Black Duck positive <sep> dinner neutral <sep> drink neutral,"The Black Duck is a great date place, whether going for dinner or just for a drink at their huge, antique-ish bar."
223,two neutral,entrees neutral <sep> portions positive,The other two entrees that were ordered were very large portions.
224,worse. positive,brunch neutral <sep> service negative,"Tried it again for brunch, when the service was worse."
225,good negative,service negative <sep> food positive <sep> steak negative,"the service is pushy and the food looks good but is completely average (chewy steak, tasteless rice and beans)."
226,2002 neutral <sep> - negative,Dinner neutral <sep> Appetizers positive <sep> waiter negative,"Downtown Dinner 2002 - Prixe fix: Appetizers were ok, waiter gave me poor suggestion."
227,service neutral,owner manager neutral <sep> service negative <sep> dj neutral,Perhaps if the owner manager would concentrate more on service then acting as a dj this restaurant would run better.
228,"nice neutral <sep> good positive <sep> bit neutral <sep> area, neutral",service positive <sep> location neutral <sep> dishes negative,"nice place, good service but the price is a little bit more expensive when compare with the area, location and small dishes."
229,find neutral,place negative <sep> table neutral,My boyfriend and I went one Friday night to find that the place was empty except for one other table.
230,The negative <sep> roguish positive,atmosphere positive <sep> nostalgia neutral,"The atmosphere could be considered amiable, if you possess roguish frat-boy nostalgia."
231,Got neutral <sep> dinner. positive,spot positive <sep> dinner neutral,Got the scoop on this new hot spot and decided to give it shot for a client dinner.
232,The neutral <sep> purse positive <sep> 3 neutral <sep> spilled positive,waiters negative <sep> water neutral,The waiters knocked over my purse 3 times and spilled water on the table 3 times as well.
233,,waiter negative <sep> menu neutral,Our waiter didn't really know the menu and was not attentive.
234,drinks negative <sep> despite neutral,place negative <sep> drinks neutral <sep> bar neutral,The place was packed but we were able to get drinks at the bar w/out a problem despite the crowd.
235,light negative,Mussels neutral <sep> starter positive,"Mussels in deeply aromatic lemongrass broth make an excellent starter, as do the light and spicy house samosas."
236,sat neutral <sep> eat positive,place positive <sep> bar neutral <sep> oysters neutral,"The place was beautiful, I sat at the bar for two hours and eat oysters and had way too many martinis."
237,slight neutral <sep> conventional neutral,menu neutral <sep> Mexican positive,The menu had some slight twists to conventional upscale Mexican.
238,,owners neutral <sep> cooks positive,"So inexcpensive that you'd wonder about the sanity of the owners, if they weren't such good cooks."
239,came neutral <sep> waiter neutral <sep> came neutral,appetizer negative <sep> waiter neutral,The appetizer came out cold and the waiter came and took it to the kitchen.
240,service. positive,food positive <sep> service negative,"The food is delish, you just have to know the manners to consume, if you don't want to be frustrated with the service."
241,,food neutral <sep> portions negative <sep> lamb negative,The food was served in small portions and my lamb was pure fat.
242,The positive,food positive <sep> quality negative,"The food makes up for it, though the quality has fallen victim to it's success."
243,"good neutral <sep> chicken neutral <sep> desserts, neutral",dishes positive <sep> desserts negative <sep> rice pudding neutral,"The only dishes that were good were the chicken kebob (not hard to make) and the desserts, which were rice pudding."
244,Raymunds positive,dishes neutral <sep> Polish comfort food positive <sep> kitchen positive,Raymunds dishes up the best Polish comfort food Ive ever had outside of my great-aunts kitchen.
245,,Moules positive <sep> lobster ravioli negative,"Moules were excellent, lobster ravioli was VERY salty!"
246,The positive,food positive <sep> barbecued lamb neutral,The food is excellent from the barbecued lamb at $13.
247,club neutral,lunch neutral <sep> triple-decker roast turkey club positive <sep> brioche burger neutral <sep> skin-on fries neutral,"For lunch, opt for an outstanding, triple-decker roast turkey club or brioche burger with skin-on fries."
248,"BROUGHT neutral <sep> PIZZA, neutral <sep> WRONG positive",WAITRESS negative <sep> SALAD negative <sep> DRINKS neutral,"THE WAITRESS BROUGHT THE WRONG PIZZA, THE WRONG SALAD, AND FORGOT THE DRINKS."
249,,curry dishes positive <sep> fries positive <sep> sweet potato neutral,You'll find good curry dishes and their fries (made out of sweet potato) is to die for.
250,space positive <sep> fantastic neutral <sep> out. negative,space positive <sep> serving dinner neutral,The space was so fantastic that once we heard they were serving dinner we decided to go one night and try it out.
251,"may neutral <sep> it, negative",waitress negative <sep> taste neutral,"We initially ordered a bottle of wine and the waitress though we may not like it, so she offered us a taste."
252,The positive,portions negative <sep> food positive,The portions are small but being that the food was so good makes up for that.
253,,ravioli positive <sep> serving negative,"The ravioli was the better of the two, but the serving was tiny, and the skin a bit rubbery."
254,,waiters neutral <sep> steak positive,The waiters have been there for YEARS and they know their steak is amazing.
255,poor negative,waitress positive <sep> chef negative <sep> owner negative,"(I will say, the waitress was very sweet and did try to compensate for the chef and owner's poor beh- we gave her a big tip)."
256,back positive <sep> get neutral <sep> dinner. neutral,waitress negative <sep> drink neutral <sep> dinner neutral,The waitress never came back to get drink refills and we didn't get water until we were halfway through our dinner.
257,asked positive <sep> suspect neutral <sep> knew positive,waiter negative <sep> kitchen neutral <sep> food negative,"Our waiter never once asked how everything was, as I suspect he knew the kitchen was producing seriously average food."
258,Food neutral,Food positive <sep> area neutral,"Food was much better than the average Indian place in the area, and more interesting."
259,entire neutral,waiter negative <sep> meal neutral,The waiter recommended I choose a bottle for the entire meal.
260,affordable neutral <sep> soul negative,menu neutral <sep> soul food positive,The Food The menu lists affordable soul food and barbecue favorites.
261,"average, positive <sep> would neutral",brunch neutral <sep> dish negative,"As for the food, brunch was average, I would not get the same dish again, and they were slow to serve us."
262,always neutral <sep> kept neutral <sep> coming. neutral,waiter positive <sep> bread neutral,The waiter was very attentive and always kept the bread and drinks coming.
263,server neutral,server negative <sep> plates neutral,"However, another server kept hovering over our table, wanting to take our half-finished plates away."
264,outside positive <sep> there's neutral,bagels positive <sep> texture neutral,"Their bagels have the perfect softness to them, but on the outside there's a bit of crispiness to give it a bit of texture."
265,,Server positive <sep> soup neutral,but the Server informed us that they wanted to make the soup their own and that she hopes we like it.
266,,waiter negative <sep> manager positive,After being ignored by our waiter we complained to the manager who assured us everything would improve.
267,give positive <sep> them. positive,hostess negative <sep> menus neutral,"The hostess failed to give us menus, and we had to ask our waiter for them."
268,I neutral <sep> about. positive,wait positive <sep> service positive <sep> pizza negative,I have no complaints about the wait or the service but the pizza was not at all something to write home about.
269,"decent, positive <sep> price negative",food positive <sep> price negative,"I always thought the food was decent, but not spectacular and the price fair, but no bargain."
270,hassle negative <sep> taking positive,waitress positive <sep> bill neutral,"Fortunately the waitress was very ncie about this, and did not give me a hassle about taking the cake off the final bill."
271,The positive <sep> 20 negative <sep> minutes positive,wait staff negative <sep> drinks neutral,"The wait staff is slow, full of attitude and forgettful--often taking 20 minutes to bring another round of food and drinks."
272,,waiter negative <sep> meal neutral <sep> dinner neutral,"Our waiter was inattentive throughout the meal, took nearly 3 hours for dinner."
273,,food neutral <sep> beers on tap positive <sep> priced wine list positive,Pair you food with the excellent beers on tap or their well priced wine list.
