0,,blueberry pancakes negative <sep> menu neutral,"The pancakes were good, but don't have blueberry pancakes on the menu of you are not able to produce more than three tiny blueberries in each pancake."
1,,meal neutral <sep> manager positive,"After our meal,the manager, even took some of his time to sit with us and give us a lesson in Sake 101."
2,Anyway neutral,table neutral <sep> appetizers neutral <sep> waitresses positive,Anyway we get a table and order some appetizers from one of the waitresses who was pleasently nice.
3,there's positive <sep> there's negative <sep> there's neutral <sep> many positive <sep> many negative <sep> many neutral <sep> dishes neutral,plates neutral <sep> food neutral <sep> Japanese neutral <sep> menu positive,"While there's a strong Asian influence behind many of the plates, you can't pigeonhole the food into a single genre, as there are Thai, Chinese, Japanese, Italian and American dishes incorporated into this creative menu."
4,The neutral,waiters neutral <sep> steak positive,The waiters have been there for YEARS and they know their steak is amazing.
5,"done, neutral",waitress negative <sep> coffee neutral <sep> food neutral,"The waitress forgot our coffee, took forever to take our order, never checked in with us after the food came and when we were done, didn't bring us the check for the longest time."
6,,waiters positive <sep> menu neutral,"I always listen to the waiters' recommendations, because they're always awesome - either a special or just one of their faves off the menu."
7,went neutral,wait negative <sep> table neutral,"Anyway, I went down on a Wednesday night to see if they had a long wait and the hostess said they had a table to accomodate my party."
8,"waitress neutral <sep> away, negative <sep> away, neutral",waitress negative <sep> menu neutral <sep> food neutral,"The waitress took our menu away, without taking our food order!"
9,One positive <sep> One negative <sep> One neutral <sep> mention negative <sep> mention neutral <sep> dishes positive <sep> dishes negative <sep> dishes neutral,Entree neutral <sep> dishes positive,"One Entree from their restaraunt is enough to fill two adults, not to mention that all their dishes are out of this world."
10,"drink, positive <sep> drink, negative <sep> drink, neutral <sep> xanax neutral",Reservations neutral <sep> pre-game drink neutral <sep> hostess positive,"Reservations are no guarantee of prompt seating, have a pre-game drink, pop a xanax and you can handle the drama of having a res and getting no love from the hostess."
11,That's negative <sep> That's neutral <sep> almost neutral <sep> pasta negative <sep> pasta neutral,pasta positive <sep> family neutral,"That's almost enough to prove its legitimacy to me, but eating there, both for a quick slice and sit-down for pasta with my family has always been a delicious, inexpensive and fun experience."
12,encounter positive <sep> encounter negative <sep> encounter neutral,wine neutral <sep> waitress positive,Asked for wine recommendations and the waitress told me her favorites and described them in detail - I don't encounter this much in NYC.
13,The negative <sep> The neutral <sep> ourselves. positive <sep> ourselves. negative <sep> ourselves. neutral,server negative <sep> wine neutral <sep> the table neutral <sep> fish neutral <sep> bottle neutral,"The server came by only once to pour additional wine for the table; the rest of the time, we had to fish the bottle out of the two-table communal bucket ourselves."
14,feel negative <sep> feel neutral,food positive <sep> prix fixe positive <sep> appetizer neutral,"The food was good (and the $25 prix fixe made it all that much better), but the dinner started to feel like an assembly line when our appetizer arrived 5 minutes after ordering."
15,definitely neutral,dinner neutral <sep> wait positive,"I'd recommend getting an appetizer b/c the dinner takes a bit to be cooked, but it was definitely worth the wait."
16,"was, positive <sep> was, negative <sep> was, neutral <sep> knew neutral",waiter negative <sep> kitchen neutral <sep> food negative,"Our waiter never once asked how everything was, as I suspect he knew the kitchen was producing seriously average food."
17,I neutral <sep> dining neutral <sep> try positive <sep> try negative <sep> try neutral <sep> beef negative <sep> beef neutral,dining neutral <sep> beef positive,"I strongly recommend dining here, bringing a date, etc; As for me, next time I am going to try the beef from the true Japanese-style charcoal grille!"
18,I negative <sep> I neutral,waitress neutral <sep> salmon negative <sep> dish neutral,"When I asked the waitress, she told me they couldn't afford the salmon, and had changed the dish (though not on the menu)."
19,food positive <sep> food negative <sep> food neutral <sep> restaurant negative <sep> restaurant neutral <sep> would negative <sep> would neutral,food positive <sep> seating neutral <sep> delivery neutral,"The food is pretty good, but after 2 or 3 bad experiences at the restaurant (consistently rude, late with RSVP'd seating), I decided I would only order delivery."
20,Only neutral <sep> chocolate neutral,steamed chocolate cake with mint ice negative <sep> dessert neutral,Only thing we didn't like was the steamed chocolate cake with mint ice creama group of the 4 of us did not want to finish this dessert!
21,dining neutral <sep> room neutral <sep> noise neutral <sep> flow positive <sep> flow negative <sep> flow neutral,ambience negative <sep> bar neutral <sep> noise negative,"The ambience was all wrong, the bar opened into the main dining room causing the noise to flow into the room."
22,,staff positive <sep> detail neutral,The staff was courteous and explained the menu with detail.
23,,price negative <sep> menu neutral,"There are no price listed in the menu, and she will not provid them with a smile."
24,We neutral,Buffet lunch neutral <sep> sauce negative,"We went for Buffet lunch and the sauce was water down, not at all spicy."
25,fresh negative <sep> fresh neutral,bagels positive <sep> counter neutral,"Bins of fresh bagels rest behind the counter, and there are always a few customers sitting at one of the few tables inside or on one of two wooden benches out front."
26,,waiting neutral <sep> table neutral <sep> drink neutral <sep> waiters negative,"While waiting for a table, tried to get a drink from a bartender who seemed more interested in arguing with his waiters."
27,yes negative <sep> yes neutral,pizza positive <sep> service negative,yes this place has good pizza but HORRIFIC HORRIFIC delivery service.
28,"Arrive neutral <sep> 7:00pm, neutral <sep> give negative <sep> give neutral <sep> menus negative <sep> menus neutral <sep> till positive <sep> till negative <sep> till neutral",waiters negative <sep> menus neutral,"Arrive at 7:00pm, the waiters didn't give us our menus till an 1 1/2 hour later."
29,,dining neutral <sep> eateries negative,"Sometimes I grow a bit weary of dining in those pretentious, haughty taughty, high fashion eateries."
30,samosas. positive <sep> samosas. negative <sep> samosas. neutral,Mussels neutral <sep> starter positive,"Mussels in deeply aromatic lemongrass broth make an excellent starter, as do the light and spicy house samosas."
31,top neutral <sep> made neutral,food positive <sep> service positive <sep> seats negative <sep> guy negative,"The food and service was top notch, only the complain is that this place is so small that some seats are not made for a big guy."
32,"bit negative <sep> bit neutral <sep> better, negative <sep> better, neutral",decor negative <sep> bar negative <sep> atmosphere positive,"the decor could be a bit better, and if there was a small bar the overall atmosphere would be a bit more inviting (especially for regulars)."
33,recommen negative <sep> recommen neutral <sep> come positive <sep> come negative <sep> come neutral <sep> check neutral,waiter negative <sep> table neutral <sep> dessert menu neutral,"the waiter didn't recommen any special for the night, didn't come back to the table to check if everything is okay, didn't even offer me the dessert menu at the end."
34,,drinks neutral <sep> server negative,"If your friends persuade you to check this place out, I suggest that you order all of your drinks, apps, entrees, desserts, and the check up front, because you'll never see your server again."
35,waitress neutral <sep> dumps negative <sep> dumps neutral,waitress negative <sep> dishes neutral <sep> table neutral,"Watch out for the overworked, stressed out waitress who dumps tapa dishes on the table and leaves w/out announcing what it is."
36,"Also, neutral <sep> huge neutral",prices negative <sep> menu neutral <sep> bill neutral,"Also, they upped their prices, so I have their old menu, and was surprised when my bill came to over $5 more than it used to (I know, not a huge deal)."
37,"WAITRESS positive <sep> WAITRESS negative <sep> WAITRESS neutral <sep> WRONG positive <sep> WRONG negative <sep> WRONG neutral <sep> SALAD, neutral <sep> AND neutral <sep> THE positive <sep> THE negative <sep> THE neutral",WAITRESS negative <sep> SALAD negative <sep> DRINKS neutral,"THE WAITRESS BROUGHT THE WRONG PIZZA, THE WRONG SALAD, AND FORGOT THE DRINKS."
38,And positive <sep> And negative <sep> And neutral <sep> (a neutral <sep> find positive <sep> find negative <sep> find neutral <sep> visit positive <sep> visit negative <sep> visit neutral,jazz bar neutral <sep> garden dining positive,"And with all their recent additions (a jazz bar, and fabulous garden dining) I find that I visit more now than ever."
39,serving neutral,Chinese food positive <sep> deluxe dining room neutral,Shun Lee has been serving creative Chinese food in a deluxe dining room for 30 years--they must be doing something right!
40,ceasar neutral <sep> I negative <sep> I neutral <sep> died positive <sep> died negative <sep> died neutral <sep> mac neutral <sep> cheese neutral,ceasar salad neutral <sep> lettuce neutral <sep> plate positive <sep> mac and cheese positive,"My ceasar salad amounted to some limp lettuce and mayo strewn around a large plate, and the only way I might have died for the mac and cheese is due to natural causes while waiting for it to arrive."
41,"~$30 neutral <sep> rb, negative <sep> rb, neutral",drink neutral <sep> tip positive,"ran ~$30 ($12 for the taco, 8 for the rb, 10 fir the drink) plus tax and a very deserved tip."
42,cooks. positive <sep> cooks. negative <sep> cooks. neutral,manager negative <sep> appetizers neutral,"The food was pretty good, but due to our large size (~16) the manager asked us to limit our appetizers to just 3 selections b/c he didn't want to overburden his cooks."
43,although positive <sep> although negative <sep> although neutral,Service negative <sep> bar neutral <sep> diners neutral <sep> cocktail waiters neutral,"Service was prompt, although at times the waiters seemed to be spending more time dealing with the overflow from the bar than the diners (ever heard of cocktail waiters)."
44,kind negative <sep> kind neutral,portions negative <sep> dinner neutral,"In retrospect, that was kind of foolish, as the portions for dinner were obscene."
45,When neutral <sep> owner negative <sep> owner neutral,owner neutral <sep> waitress negative <sep> wine neutral,"When I got home, there was a message on the machine because the owner realized that our waitress forgot to charge us for our wine."
46,,dinner neutral <sep> food positive,My husband and I had dinner here last week and the food was very good.
47,,waiting negative <sep> dessert neutral,"A 3 course-meal took 2 1/2 hours, including 20 - 30 minutes waiting to get the check after dessert."
48,"price negative <sep> price neutral <sep> expensive negative <sep> expensive neutral <sep> area, positive <sep> area, negative <sep> area, neutral <sep> dishes. positive <sep> dishes. negative <sep> dishes. neutral",service positive <sep> location neutral <sep> dishes negative,"nice place, good service but the price is a little bit more expensive when compare with the area, location and small dishes."
49,totally neutral <sep> wish positive <sep> wish negative <sep> wish neutral <sep> tables negative <sep> tables neutral,vibe negative <sep> tables positive,"I'm totally into the space-age vibe of this place, but I wish they had more tables to sit down at."
50,wait neutral,reservations neutral <sep> manager negative <sep> wait negative,We had reservations and when we showed up the manager told us the wait was over 45 mins.
51,,diners neutral <sep> meal positive,This happened while many diners were enjoying their meal and it was rudes.
52,,food positive <sep> service negative,The food was great so that made up for the lack of service from the waitress.
53,blue negative <sep> blue neutral <sep> smoking neutral <sep> make negative <sep> make neutral,blue shirted cigar negative <sep> reservation neutral,"It does get crowded with plenty of blue shirted cigar smoking wannabes, so make a reservation."
54,,prices negative <sep> food positive,We would rather pay more prices and expect the better food and service.
55,,Scene neutral <sep> waiters negative <sep> diners neutral <sep> darling neutral,The Scene Hunky waiters dub diners darling and it sounds like they mean it.
56,waitress negative <sep> waitress neutral <sep> ask positive <sep> ask negative <sep> ask neutral <sep> gave neutral,waitress negative <sep> steak knife neutral,"the waitress came to ask me how my NY Strip was, and I could not give her an answer b/c no one gave me a steak knife."
57,watching positive <sep> watching negative <sep> watching neutral <sep> - negative <sep> - neutral <sep> garlic negative <sep> garlic neutral <sep> time. neutral,music positive <sep> waitress positive <sep> wine garlic bread neutral,Interesting crowd for people watching - old school Italian music cranking - friendly Italian waitress brought us our wine garlic bread in no time.
58,amazing negative <sep> amazing neutral,Lobster ceviche positive <sep> mango neutral,Lobster ceviche was amazing pared with mango.
59,apologized neutral <sep> gave neutral <sep> BUT neutral <sep> RETURNED negative <sep> RETURNED neutral,manager positive <sep> WAITER negative,"The manager apologized and gave us back $20 for the difference, BUT THE WAITER NEVER RETURNED THE $120 CASH WE PAID."
60,,service negative <sep> waiter positive,The service was rather slow but our waiter was very pleasant and obliging.
61,late neutral,waiter negative <sep> wine neutral,"Our waiter was a little stressed and brought a couple things out late and as a result, he apologized graciously and gave us wine on the house to compensate for the delay."
62,,nachos positive <sep> onion bloom negative <sep> calamari negative,"The nachos were very very good, but the onion bloom felt too greasy and the calamari was soggy."
63,either positive <sep> either negative <sep> either neutral,spot positive <sep> bill negative,"This is definitely a special occasion spot, unless you don't mind a hefty bill, but rest assured that either way, it's well worth it."
64,The neutral,place negative <sep> table neutral <sep> menu neutral,"The place was so dark, I needed the table candle to read the menu and could not properly see what I was eating."
65,But neutral <sep> I positive <sep> I negative <sep> I neutral,brunch neutral <sep> hostess negative <sep> wait staff negative,"But on a recent Sunday brunch excursion, I was greeted by a uniformly unfriendly staff - starting with the hostess and extending to foul faced wait staff."
66,"bet, negative <sep> bet, neutral <sep> including negative <sep> including neutral",Appetizers positive <sep> bountiful calamari plate neutral <sep> appropriately earthy mushroom polenta neutral,"Appetizers are the safest bet, including a bountiful calamari plate or the appropriately earthy mushroom polenta."
67,"seabass, positive <sep> seabass, negative <sep> seabass, neutral <sep> seabass) positive <sep> seabass) negative <sep> seabass) neutral <sep> tasted negative <sep> tasted neutral <sep> homestyle neutral <sep> authentic neutral",beef neutral <sep> Chinese food positive,"Main courses we had (beef, lobster sukiyaki, black seabass, striped seabass) tasted too much like homestyle authentic Chinese food except for the sukiyaki."
68,,filet negative <sep> apitites positive,(Though the filet won't be enough if both have hearty apitites.
69,minutes negative <sep> minutes neutral,waiter negative <sep> brunch neutral,We ordered whole wheast toast; the waiter didn't bring it until 15 minutes after we had received our brunch.
70,"Food positive <sep> Food negative <sep> Food neutral <sep> solid positive <sep> solid negative <sep> solid neutral <sep> attraction neutral <sep> foie positive <sep> foie negative <sep> foie neutral <sep> terrine negative <sep> terrine neutral <sep> aside, neutral",Food neutral <sep> Blue Ribbon menu neutral <sep> sandwiches neutral <sep> range of cheese positive <sep> vegetable portions positive,"The Food There's a trimmed-down version of the regular Blue Ribbon menu--all manner of sandwiches, and a solid selection of American main courses--but the real attraction is the vast, well-edited range of cheese, fish and vegetable portions (goodies like foie gras terrine aside, the meat selections are disappointingly indistinct)."
71,,waiter negative <sep> water neutral,We were however seated right away and was immediately told by our waiter that they were out of sparking mineral water.
72,"bad, positive <sep> bad, negative <sep> bad, neutral <sep> kept negative <sep> kept neutral",sushi negative <sep> waiters negative <sep> miso soup neutral,"The quality of the sushi was bad, the way it was cut was bad, and the waiters kept trying to clear off my miso soup even when it wasn't finished."
73,,waiter negative <sep> manager positive,After being ignored by our waiter we complained to the manager who assured us everything would improve.
74,,food positive <sep> presentation neutral,All the food was carefully prepared and the presentation was a cut above.
75,00 positive <sep> 00 negative <sep> 00 neutral <sep> broiled positive <sep> broiled negative <sep> broiled neutral,shrimp negative <sep> broiled scallops neutral,"00 one does expect more than three small shrimp, one crab cake and two broiled scallops."
76,Not negative <sep> Not neutral,breakfast neutral <sep> portions positive <sep> quality positive,"Not a destination restaurant, but if you're hungry for breakfast or lunch, big portions and good quality for the money."
77,bucks neutral,range negative <sep> food neutral,"Although I didn't pay for the meal (and it's about $22 bucks a plate, way over my normal eating range), I have to say that it was better than any food I've ever had in little Italy, and there weren't any touristy elements to be found."
78,,food positive <sep> price negative,"I always thought the food was decent, but not spectacular and the price fair, but no bargain."
79,includes positive <sep> includes negative <sep> includes neutral <sep> olive neutral,menu neutral <sep> bruschetta positive <sep> tramezzini positive,"The Food The menu includes lovingly made renditions of panini, bruschetta and tramezzini (cocktail-style sandwiches with fillings like tuna with black olive pesto and bresaola with arugula), along with a roster of cured meats, cheeses and olives that have been imported from Italy."
80,"noone neutral <sep> touched positive <sep> touched negative <sep> touched neutral <sep> food, positive <sep> food, negative <sep> food, neutral <sep> touch negative <sep> touch neutral",bill neutral <sep> food neutral <sep> drinks negative,"The bill came out to like $100pp, and noone touched their food, and drinks were left untouched because after the first bite/sip you want to never touch it again."
81,enjoy positive <sep> enjoy negative <sep> enjoy neutral <sep> Sam's negative <sep> Sam's neutral <sep> away positive <sep> away negative <sep> away neutral,drink neutral <sep> pleasures positive <sep> food positive,"However, if you want to, drink and enjoy the pleasures of food, Sam's is your new home away from home."
82,As neutral <sep> brunch negative <sep> brunch neutral,brunch neutral <sep> dish negative,"As for the food, brunch was average, I would not get the same dish again, and they were slow to serve us."
83,chef negative <sep> chef neutral,service positive <sep> chef neutral <sep> dish positive,"The service was great, the chef even gave me a complimentary dish."
84,waitress negative <sep> waitress neutral <sep> throughout negative <sep> throughout neutral <sep> inquire neutral,waitress negative <sep> single drink neutral <sep> food neutral,"The waitress was no where to be found at all throughout the course of the meal, did not refill a single drink nor did she bother to inquire about my satisfaction with the food or even bring the check at the conclusion of the meal."
85,"table, negative <sep> table, neutral <sep> kept negative <sep> kept neutral <sep> needed neutral",food neutral <sep> table neutral <sep> waitress negative,"We then waited until 7:35 before any food arrived at our table, despite the fact that we kept reminding our waitress that we needed to leave by 7:45."
86,,atmosphere positive <sep> nostalgia neutral,"The atmosphere could be considered amiable, if you possess roguish frat-boy nostalgia."
87,Napoleon neutral <sep> friend positive <sep> friend negative <sep> friend neutral <sep> 15 positive <sep> 15 negative <sep> 15 neutral,vegetable Napoleon positive <sep> veggie burger neutral <sep> waiting negative,My vegetable Napoleon was good; although i first got the veggie burger because the waitress mis-heard and stood my friend up for another 15 minutes of waiting to have it served.
88,I neutral <sep> three negative <sep> three neutral <sep> great neutral <sep> attentive negative <sep> attentive neutral,family neutral <sep> service positive,"I have eaten here for nearly three years, with firends with family, the service is great attentive and informed, perfect for Thursdays, Fridays and Saturdays."
89,knew positive <sep> knew negative <sep> knew neutral,waiter positive <sep> menu neutral,The waiter knew about every item on the menu and explained it very well.
90,bread positive <sep> bread negative <sep> bread neutral <sep> management neutral <sep> decided negative <sep> decided neutral,table neutral <sep> server negative <sep> management negative,We asked for bread plates when the bread was brought to the table and the server's response was management has decided not to offer bread plates.
91,service neutral,service positive <sep> food negative,"This time, the service was decent and the food was mediocre at best."
92,Just positive <sep> Just negative <sep> Just neutral <sep> amazing negative <sep> amazing neutral,bar neutral <sep> wines positive,Just sit at the bar and sip some amazing Italian wines.
93,,guac neutral <sep> drinks negative,got the guac but no drinks until it was all gone (approximately 20 minutes later).
94,"incredible, negative <sep> incredible, neutral",beginning appetizers neutral <sep> scallops positive <sep> chocolate souffle with rasberry mint sorbet positive,"From beginning appetizers, the scallops were incredible, to the delicious chocolate souffle with rasberry mint sorbet, we were delighted by the taste sensations."
95,lunch positive <sep> lunch negative <sep> lunch neutral <sep> - positive <sep> - negative <sep> - neutral <sep> meal positive <sep> meal negative <sep> meal neutral,dinner neutral <sep> meal positive,"Breakfast, lunch or dinner - Teresa's serves up a hearty meal each and every time."
96,WAY negative <sep> WAY neutral <sep> PRICED neutral <sep> MEALS positive <sep> MEALS negative <sep> MEALS neutral <sep> PLACES neutral,PRICED negative <sep> MEALS positive,"WAY OVER PRICED , HAD MUCH BETTER MEALS FOR JUST OVER HALF THE PRICE IN PLACES JUST AS NICE."
97,back positive <sep> back negative <sep> back neutral <sep> After negative <sep> After neutral <sep> informed neutral <sep> fish negative <sep> fish neutral <sep> menu positive <sep> menu negative <sep> menu neutral,waitress negative <sep> menus neutral <sep> fish entrees neutral,A hour passed until the waitress came over to give us menus and tell us she would be right back another hour later After trying to order fish she informed us that all fish entrees on the menu was sold out We took a minute to make a second choice and tried to order something else that we were told was also sold out.
98,,california roll neutral <sep> food positive,"They each included salad, miso soup, a california roll, and a whole plate of food."
99,service neutral,dinner neutral <sep> service negative <sep> shrimp octopus neutral,"I went there about three times, one for dinner on a sunday evening which is a salsa night after dinning, the service was slow and a bit rude, the plates average some shrimp octopus and empanadas."
100,sausage positive <sep> sausage negative <sep> sausage neutral,Food neutral <sep> versatile neutral <sep> menu neutral <sep> French neutral <sep> onion soup positive <sep> country ham sandwiches positive <sep> liver terrine positive <sep> kumquat-cranberry positive <sep> speck positive <sep> sausage positive <sep> cheese plates positive,"The Food The versatile Austrian menu, fused with French and American, rewards both high and low-end appetites: rich, cheese-laden onion soup, grilled Gruyere and country ham sandwiches and big-bunned burgers are as satisfying as velvety liver terrine with kumquat-cranberry compote, speck and sausage charcuterie and inexpensive cheese plates."
101,"champagne neutral <sep> clams, positive <sep> clams, negative <sep> clams, neutral",Lamb neutral <sep> champagne neutral <sep> Chicken with Soba noodles and baked clams positive,"I had the Rack of Lamb, mushroom stuffies, and champagne and she had the Chicken with Soba noodles and baked clams, and merlot."
102,plates: neutral <sep> collapse neutral <sep> top. positive <sep> top. negative <sep> top. neutral,plates neutral <sep> Marinated Kobe beef positive <sep> scallops collapse positive <sep> eel-soy broth with black truffles and foie gras neutral,"So are cooked plates: Marinated Kobe beef practically melts on its skewers, soy-buttered scallops collapse with sweet brine and Chawanmushi custard, quivering in eel-soy broth with black truffles and foie gras, is over the top."
103,soul neutral,menu neutral <sep> soul food positive,The Food The menu lists affordable soul food and barbecue favorites.
104,everything neutral,service positive <sep> decor positive <sep> steak negative,It's sad that everything about this place was great (even the service and decor) except for the steak.
105,worse. neutral,brunch neutral <sep> service negative,"Tried it again for brunch, when the service was worse."
106,I neutral <sep> something neutral,waiter negative <sep> menu neutral,I always find myself asking the waiter to make something bland and different than what is on the menu.
107,serving positive <sep> serving negative <sep> serving neutral <sep> labours neutral <sep> restrictions positive <sep> restrictions negative <sep> restrictions neutral,serving neutral <sep> teas neutral <sep> food neutral <sep> menu negative,"While they adhere to a certain traditionality in serving their teas; eg: samovar for the russian, chinese tea sets for the green, the food labours under no such restrictions and there is nothing ordinary on the menu."
108,cheese neutral,2 cheese slices positive <sep> drink neutral,They also have a great deal of 2 cheese slices and a drink for $3.
109,,reservations neutral <sep> table in the room negative,"I had reservations for a week but was seated at the worst table in the room,against a wall near the entrance to the kitchen,very claustaphobic."
110,,prices positive <sep> dinner neutral <sep> tip neutral,The prices weren't bad though - dinner ended up at $80 with tip and we had a couple drinks as well.
111,staff neutral,appetizers neutral <sep> staff positive <sep> food positive,to be honest we only had drinks and appetizers downstairs as we were there for a collegues leaving drinks but the staff was very friendly (typical aussies) and the food i did have was pretty darn good.
112,us neutral <sep> chips negative <sep> chips neutral <sep> us. neutral,wine neutral <sep> bartendars positive,THe bartendars were right on top of getting us our wine and setting up free blue cheese dip and chips for us.
113,featuring negative <sep> featuring neutral <sep> bistro positive <sep> bistro negative <sep> bistro neutral <sep> cheese positive <sep> cheese negative <sep> cheese neutral <sep> steak neutral,"brasserie-style menu neutral <sep> bistro choices positive <sep> frisee salad with bacon, blue cheese neutral <sep> a poached egg neutral <sep> steak tartare neutral <sep> moules neutral <sep> steak frites neutral <sep> burgers positive","The brasserie-style menu remains relatively unchanged, featuring classic bistro choices like frisee salad with bacon, blue cheese and a poached egg, steak tartare, moules and steak frites, and various burgers and sandwiches."
114,dotting neutral,desserts positive <sep> dulce de leche ice-cream neutral <sep> chocolate sauce tic-tac-toe neutral <sep> poached pineapple neutral,"Amusing details distinguish desserts, from dulce de leche ice-cream profiteroles dotting a chocolate sauce tic-tac-toe board, to coconut custard surrounded by a sea of Malibu-rum gelee and poached pineapple."
115,The neutral,menu neutral <sep> Mexican positive,The menu had some slight twists to conventional upscale Mexican.
116,lack positive <sep> lack negative <sep> lack neutral <sep> entire positive <sep> entire negative <sep> entire neutral,manager neutral <sep> bill negative,The manager claimed that he could not compensate us for anything on the bill which just shows the lack of sophistication from the entire group.
117,receptive neutral,reservation neutral <sep> waiters negative,"However, it takes ages to get seated (even with a reservation), and the waiters don't seem very knowledgeable about the menu (or receptive to questions)."
118,main negative <sep> main neutral,appetizers positive <sep> main courses neutral,"Food was average, the appetizers were better than the main courses."
119,,staff negative <sep> menus neutral <sep> dinner neutral,"The staff even went out of their way to print up menus without prices at my request, since the dinner party was my treat."
120,mix negative <sep> mix neutral,decor positive <sep> entertainment positive <sep> dance floor neutral <sep> disco music negative,"Very cheesy wanna be romantic decor and entertainment, but have some vodka and you want to come right out onto the dance floor and dance the night away to a mix of really bad russian and american disco music."
121,,bar neutral <sep> place negative,"Otherwise, you can eat at the bar (It was Saturday afternoon and the place was empty)."
122,,waiter negative <sep> tables neutral <sep> manager neutral,When we asked a waiter for an explanation of the long wait with some many empty tables he had no answer so we asked for the manager.
123,frustrated positive <sep> frustrated negative <sep> frustrated neutral <sep> waiter's positive <sep> waiter's negative <sep> waiter's neutral,waiter negative <sep> soda neutral,I also watched several other frustrated customers getting the wrong orders or trying to catch the waiter's attention (he was posing at the soda fountain).
124,pushy neutral <sep> good positive <sep> good negative <sep> good neutral,service negative <sep> food positive <sep> steak negative,"the service is pushy and the food looks good but is completely average (chewy steak, tasteless rice and beans)."
125,The positive <sep> The negative <sep> The neutral,smoked salmon appetizer positive <sep> goat cheese neutral <sep> onions neutral,"The smoked salmon appetizer was pretty good (it comes with goat cheese, calpers and onions)."
126,kind neutral <sep> broke neutral <sep> friend's positive <sep> friend's negative <sep> friend's neutral,staff positive <sep> waiter positive <sep> dessert neutral <sep> candle neutral <sep> meal neutral,"While the staff was kind and attentive, our waiter never once broke a smile, even when I told him it was my friend's birthday, although he did bring a dessert with a candle at the end of the meal."
127,I'm positive <sep> I'm negative <sep> I'm neutral,appetizers neutral <sep> Thai food neutral <sep> Japanese food positive,"I'm not a fan of any of their appetizers or Thai food, but their Japanese food is great."
128,dessert positive <sep> dessert negative <sep> dessert neutral <sep> give neutral,ice cream dessert positive <sep> service positive <sep> ice cream scoop neutral,"I was surprised by the small ice cream dessert from the restaurant to the birthday girl free of charge, but if they're going to give a nice service the one ice cream scoop on a stick didn't leave a strong enough impression."
129,,entrees neutral <sep> portions positive,The other two entrees that were ordered were very large portions.
130,,hostess negative <sep> menus neutral,"The hostess failed to give us menus, and we had to ask our waiter for them."
131,else neutral <sep> cold negative <sep> cold neutral,menu neutral <sep> exotic teas neutral <sep> beverages negative <sep> meal positive,"There is nothing else on the menu except for exotic teas and cold beverages, but with a meal this cheap and delightful, who would care?"
132,(I neutral <sep> rather positive <sep> rather negative <sep> rather neutral,lunch neutral <sep> food positive <sep> turkey sandwich with avocado and bacon neutral,"Met a friend here for lunch and while the food was excellent (I ordered the turkey sandwich with avocado and bacon), the service was rather unattentive -- though well meaning."
133,really negative <sep> really neutral,waiter positive <sep> menu neutral,"Our waiter seemed to really care about getting us to the show on time, and made some good reccomendations on the menu for doing it."
134,bring positive <sep> bring negative <sep> bring neutral,Service negative <sep> server negative <sep> menus neutral <sep> dinner neutral,"1) Service is very slow and unattentive (10 minutes for our server to come by with our menus and to take our drink order, another 10 to bring the drinks/take our dinner order, you get the idea."
135,busboy negative <sep> busboy neutral <sep> came positive <sep> came negative <sep> came neutral,busboy negative <sep> appetizers neutral,On Friday night the busboy was sulky verging on rude; he brought the fries (ordered for the entrees) twice before the appetizers came and then again the minute we'd finished them and looked put out to be asked to take the empty plates away.
136,,portions negative <sep> food positive,The portions are small but being that the food was so good makes up for that.
137,"ordered neutral <sep> it, neutral <sep> offered positive <sep> offered negative <sep> offered neutral <sep> taste. neutral",waitress negative <sep> taste neutral,"We initially ordered a bottle of wine and the waitress though we may not like it, so she offered us a taste."
138,,Food neutral <sep> menu neutral <sep> servings positive,The Food Skip the menu and head for the restaurant's bountiful and ever-changing vegan buffet for an abundance of affordable servings.
139,"Our negative <sep> Our neutral <sep> forever, neutral <sep> even positive <sep> even negative <sep> even neutral",food negative <sep> bartender negative <sep> drinks neutral <sep> bread neutral,"Our food took forever, the bartender seemed more interested in refilling drinks for the regulars and never even brought bread or water, as requested."
140,,manager negative <sep> lemon juice neutral <sep> ceasar dressing neutral,then the manager gave us lemon juice instead of ceasar dressing for a ceasar salad which ruined the salad.
141,,manager neutral <sep> table neutral <sep> cold negative,"When the manager came to our table at the end of the meal and asked how our experience was, I complained to him about the cold."
142,time! negative <sep> time! neutral,decor negative <sep> freeking pizza positive,You're not going there for the decor you're going there for the best freeking pizza on the face of this earth and I garuntee you Dom delivers big time!
143,staff neutral <sep> put neutral <sep> clear positive <sep> clear negative <sep> clear neutral,bartender positive <sep> wait staff positive <sep> appreciated positive <sep> customer neutral,"The bartender, the wait staff and management all put the customer first and that was clear and much appreciated."
144,I positive <sep> I negative <sep> I neutral <sep> recommend positive <sep> recommend negative <sep> recommend neutral,food positive <sep> service positive <sep> tempura shrimp roll negative <sep> lobster salad enough negative,"Everything from the food to the service was enjoyable about this place, but I can't recommend the tempura shrimp roll with the lobster salad enough."
145,qualities positive <sep> qualities negative <sep> qualities neutral,menu neutral <sep> prices positive,In fact you can find their menu offerings at other places for better qualities and lower prices.
146,,white sangria neutral <sep> tapas positive,Get a pitcher of red or white sangria and choose from a large selection of tapas.
147,waiter negative <sep> waiter neutral <sep> give positive <sep> give negative <sep> give neutral,waitress negative <sep> back room neutral,This Restaurant was very Ask to the waiter or waitress to give you a table in the back room where all the romance of the place is situated with a so-called chimney!!
148,"fill neutral <sep> table, neutral",waitresses negative <sep> glass neutral,"Instead, Yasuda's swarm of waiters and waitresses hovered incessantly overhead, seizing any opportunity to fill a glass, reorganize the table, ask if we were done, and of course clear us out of there in under 80 min."
149,always neutral <sep> crowded. neutral,food positive <sep> service negative,Been here a few times and food has always been good but service really suffers when it gets crowded.
150,"weather, neutral <sep> ambience negative <sep> ambience neutral <sep> indoors positive <sep> indoors negative <sep> indoors neutral",outdoor patio positive <sep> ambience neutral,"The outdoor patio is really nice in good weather, but what ambience the indoors possesses is negated by the noise and the crowds."
151,atmosphere neutral <sep> spectacular. negative <sep> spectacular. neutral,price negative <sep> atmosphere positive <sep> food positive,I will be back not only because the price was so unbelievable but the atmosphere was just plain COOL and the food was spectacular.
152,night positive <sep> night negative <sep> night neutral <sep> till negative <sep> till neutral,drinks neutral <sep> spot positive,went here late night after a a few drinks at my favorite watering spot and was amazed that a place which serves food till 4 can be so damned good.
153,bill. positive <sep> bill. negative <sep> bill. neutral,waitress positive <sep> bill neutral,"Fortunately the waitress was very ncie about this, and did not give me a hassle about taking the cake off the final bill."
154,concoction negative <sep> concoction neutral <sep> away neutral <sep> mere positive <sep> mere negative <sep> mere neutral,concoction negative <sep> Bar neutral,The concoction was thrown away a mere two blocks from the Bar.
155,pizza neutral,pie neutral <sep> pizza positive,"There should be more choices of items to load on the pie, still quality of their classic pizza is a slice above."
156,get neutral <sep> time neutral,waitress negative <sep> drink neutral <sep> entrees neutral,We had to flag the waitress down to get a drink refill and waited an extrodinarily long time for our entrees.
157,nothing neutral,dining neutral <sep> environment positive <sep> Food positive,My dining companion and I have nothing but raves about the environment and the Food.
158,,decor positive <sep> place negative,Nice decor - but the place is so crowded and noisy you can't enjoy it.
159,getting negative <sep> getting neutral,beer neutral <sep> order negative,"We had to wait 20 minutes before getting a beer, and we never got our burger order."
160,"The neutral <sep> Scene neutral <sep> haughty, neutral <sep> cozy negative <sep> cozy neutral <sep> east positive <sep> east negative <sep> east neutral",wine bar positive <sep> Mediterranean neutral,"The Scene Neither trendy and slick nor haute and haughty, it this cozy wine bar adds a bit of Mediterranean sun to the chilly east 70s."
161,earned negative <sep> earned neutral,food neutral <sep> waiter positive,"The place was packed and while our food took time to be prepared, our waiter earned points for his sparkling conversation to pass time and for also knowing practically every ingredient of every special under consideration."
162,,pizza crust negative <sep> cheese positive <sep> sauce positive,"Amazing crust (and I hate pizza crust typically), great cheese, sauce isn't too sugary."
163,,waiter negative <sep> plates neutral <sep> manager negative <sep> meal neutral,The waiter kept coming up and asking to take our plates while we were still eating and the manager stood and stared at us through half our meal!
164,choices neutral <sep> $18 negative <sep> $18 neutral,reservations neutral <sep> choices negative <sep> food positive <sep> menu neutral,"I have reservations about the all you can eat deal, however -- the choices are fairly limited and you can probably order more food than you can eat for less than $18 by just going off the menu."
165,"sandwich neutral <sep> had, negative <sep> had, neutral",open-faced sandwich neutral <sep> scrambled eggs positive <sep> lox neutral,"The open-faced sandwich I tried had fluffy scrambled eggs and the silkiest smoked salmon I've ever had, and I've eated a lot of lox over the years!"
166,enjoyed neutral,wait staff negative <sep> meal positive,"I would have told the wait staff if anyone had asked me if I enjoyed my meal, but no one asked."
167,"fish, neutral <sep> chicken positive <sep> chicken negative <sep> chicken neutral <sep> stir neutral",jelly fish positive <sep> drunken chicken positive <sep> soupy dumplings positive <sep> stir fry blue crab neutral,"I recommend the jelly fish, drunken chicken and the soupy dumplings, certainly the stir fry blue crab."
168,include neutral,Mojitos neutral <sep> Pinot neutral <sep> drink list negative <sep> drinks negative,"They were out of Hennessy, Alize, Mojitos, Pinot Grigio and the list goes on and on with at least 20 other liquors that they did not have, not to mention the drink list is very limited and does not include a wide selection of interesting drinks."
169,much positive <sep> much negative <sep> much neutral,Food positive <sep> area neutral,"Food was much better than the average Indian place in the area, and more interesting."
170,table positive <sep> table negative <sep> table neutral <sep> go positive <sep> go negative <sep> go neutral <sep> Friday negative <sep> Friday neutral,table neutral <sep> service negative,If you don't want to wait 45 minutes for a table or a long time for service then don't go @ 9pm on a Friday or Saturday night.
171,,homemade food positive <sep> day neutral,"Great for those hungover mornings when you need a decent pint and delicious, homemade food that will tide you over for the whole day."
172,another neutral <sep> fingers neutral <sep> burger. neutral,chicken neutral <sep> Hawaiian rib neutral <sep> burger positive,"Next, follow up with another Cosmo and try the chicken fingers (not your lil brothers), Hawaiian rib eye, filet mignon, or trusty burger."
173,spilled negative <sep> spilled neutral <sep> jovially neutral,water neutral <sep> table neutral <sep> waitress positive <sep> manager positive,"The wine list was had some of my favorites which I have not seen anywhere in New York, and when I clumsily spilled both water and wine all of the my table the waitress and manager were there in a flash jovially helping me clear up the mess."
174,,waiter negative <sep> meal neutral <sep> dinner neutral,"Our waiter was inattentive throughout the meal, took nearly 3 hours for dinner."
175,The neutral <sep> verified neutral <sep> us positive <sep> us negative <sep> us neutral <sep> again. positive <sep> again. negative <sep> again. neutral,dishes neutral <sep> bill neutral <sep> desserts positive,The situation was verified by taking 3 dishes that were over an hour late off the bill and free desserts and coffee but the experience left most of us never wanting to go to the supposed hip cool 66 ever again.
176,table neutral,maitre neutral <sep> lobby neutral <sep> menu positive,"Aside from the fact the maitre de claimed the dining room was 'full', we were seated at a great table overlooking the lobby of the hotel and ordered the 5 course tasting menu."
177,I positive <sep> I negative <sep> I neutral,fried catfish negative <sep> seasoning negative <sep> yams positive <sep> mac and cheese positive,"I ordered the fried catfish, which had very little to no seasoning, the yams, and mac and cheese which were just okay."
178,great negative <sep> great neutral,dining experience neutral <sep> place positive,"The menu has many choices, and the dining experience lends itself to being a great place for a date, client dinner, parents' dinner or even a start-off to a night out on the town."
179,die neutral,curry dishes positive <sep> fries positive <sep> sweet potato neutral,You'll find good curry dishes and their fries (made out of sweet potato) is to die for.
180,"servers, neutral <sep> interested negative <sep> interested neutral",servers positive <sep> food neutral,"very nice servers, but they seemed more interested in conversing with the regulars than bringing food and being attentive."
181,outside positive <sep> outside negative <sep> outside neutral,terrace positive <sep> space neutral,"The huge terrace is just so beautiful--and rumor has it they'll be tenting the space this fall, so we midtowners can continue to dine outside through the end of the year."
182,food neutral,server negative <sep> food neutral,The server was so busy the night we visited that she forgot to put in our food order.
183,crispiness negative <sep> crispiness neutral,bagels positive <sep> texture neutral,"Their bagels have the perfect softness to them, but on the outside there's a bit of crispiness to give it a bit of texture."
184,They've positive <sep> They've negative <sep> They've neutral,bar positive <sep> meat neutral,They've also got a huge salad/sushi/appetizer bar that you won't even get to if you're eating the meat.
185,sweet negative <sep> sweet neutral,hot dogs positive <sep> beverage selection neutral <sep> papaya juice positive <sep> drink positive,"The defining characteristic of this popular restaurant, aside from dirt-cheap hot dogs, is the beverage selection, which includes a light and refreshing papaya juice, an extremely sweet pineapple juice and a sweet and frothy pina colada drink."
186,get positive <sep> get negative <sep> get neutral <sep> drinks neutral,place negative <sep> drinks neutral <sep> bar neutral,The place was packed but we were able to get drinks at the bar w/out a problem despite the crowd.
187,though positive <sep> though negative <sep> though neutral <sep> success. neutral,food positive <sep> quality negative,"The food makes up for it, though the quality has fallen victim to it's success."
188,The positive <sep> The negative <sep> The neutral,flavor negative <sep> table neutral <sep> meals neutral,"The only apparent flavor in any of the dishes was heat, and a table of four gourmands left at least half of our meals on our plates."
189,expensive neutral <sep> meatpacking neutral <sep> district. negative <sep> district. neutral,attitudes negative <sep> district neutral,"For Manhattanites like us that are used to pretentious attitudes and expensive tabs, this place is definitely a nice change from the rest of the meatpacking district."
190,entire positive <sep> entire negative <sep> entire neutral,table neutral <sep> meal negative,"They crumbed the table once, although it was solied the entire meal."
191,For neutral <sep> skin-on neutral <sep> fries. neutral,lunch neutral <sep> triple-decker roast turkey club positive <sep> brioche burger neutral <sep> skin-on fries neutral,"For lunch, opt for an outstanding, triple-decker roast turkey club or brioche burger with skin-on fries."
192,like neutral <sep> get positive <sep> get negative <sep> get neutral,service negative <sep> water neutral,Dropped in for a quick bite with a friend -- like the previous reviewer it took more than 15 minutes for any kind of service at all (including getting water) and then another 45 minutes to get a burger (which admittedly was good).
193,,salad positive <sep> desert negative <sep> potatoes negative,"The pastisio platter especially because you get a good amount of salad that's dry as the sahara desert, three wedges of bland potatoes, and a thin slice of microwaved pastisio that was awful for $9."
194,better positive <sep> better negative <sep> better neutral <sep> bit positive <sep> bit negative <sep> bit neutral <sep> rubbery. neutral,ravioli positive <sep> serving negative,"The ravioli was the better of the two, but the serving was tiny, and the skin a bit rubbery."
195,atmosphere positive <sep> atmosphere negative <sep> atmosphere neutral <sep> enough positive <sep> enough negative <sep> enough neutral <sep> bar neutral <sep> booths neutral <sep> want positive <sep> want negative <sep> want neutral <sep> bar positive <sep> bar negative <sep> bar neutral,drinks neutral <sep> atmosphere positive <sep> lounge neutral <sep> dinner neutral <sep> bar crowd neutral,"About 10 of us came here for drinks last friday, the atmosphere was good for chatting and hanging out, but not enough lounge or bar space, they should open up the back area w/ more loungable chairs or booths if they want to catch any after dinner sort of bar crowd."
196,fought neutral <sep> front negative <sep> front neutral,waiters negative <sep> bread neutral <sep> appetizer negative,The service was less than spectacular (two waiters fought in front of us over which one got our table) and the bread put out as an appetizer was sub-par.
197,,Otoro tuna positive <sep> sashimi neutral <sep> chef neutral <sep> whisper neutral <sep> sea salt neutral <sep> pleasure positive,"Otoro tuna, gorgeously marbled with fat, is captivating; hamachi sashimi, topped by the chef with a whisper of sea salt and a barely-there squeeze of lemon, creates eye-rolling pleasure."
198,"glass negative <sep> glass neutral <sep> (decent), neutral <sep> (just neutral <sep> ok, neutral <sep> less positive <sep> less negative <sep> less neutral <sep> shared negative <sep> shared neutral <sep> rather neutral",glass of wine positive <sep> individual pizzas neutral <sep> dessert positive,"A glass of wine for each of us (decent), shared appetizer (snow peas, excellent), individual pizzas (just ok, and really, less filling than two slices at your local slice joint, not *nearly* as good as John's or Totonno's), a shared dessert (good but rather small), and the bill."
199,Stuffed positive <sep> Stuffed negative <sep> Stuffed neutral <sep> Rome( negative <sep> Rome( neutral,sardinian Stuffed Squid positive <sep> Catfish neutral <sep> sauce neutral,Had a mouthwatering sardinian Stuffed Squid and a Catfish fiumarola from Rome( think was capers and anchovies sauce).
200,smothered negative <sep> smothered neutral <sep> go negative <sep> go neutral <sep> fish positive <sep> fish negative <sep> fish neutral <sep> spinach negative <sep> spinach neutral <sep> dry neutral,bass negative <sep> tomato sauce neutral <sep> fish negative <sep> spinach negative <sep> dish negative,My bass was even worse - smothered in some kind of tomato sauce that just did not go with fish and the spinach that accompanied the dish was extremely dry and flavorless.
201,spicy neutral <sep> items neutral,menu neutral <sep> Cajun wraps positive,"If you're going to label spicy items on your menu as spicy (like the Buffalo and Cajun wraps), I think you should go ahead and label all the spicy items as spicy."
202,"atmosphere neutral <sep> sexy, negative <sep> sexy, neutral",atmosphere positive <sep> lighting negative <sep> menu neutral,"The atmosphere was warm, sexy, and very romantic but the lighting wasn't good for reading the menu."
203,,waiter positive <sep> bread neutral,The waiter was very attentive and always kept the bread and drinks coming.
204,French positive <sep> French negative <sep> French neutral,dinner neutral <sep> drink neutral <sep> French cosmos positive,"Been there a few times for dinner, brunch or just a drink (the French cosmos are fantastic) and it just keeps getting better."
205,,dish positive <sep> menu neutral,"So if he can't find fresh-good product, he'll remove a dish from the menu which I think is fantastic."
206,The neutral,servers negative <sep> slice neutral,The servers were snobby and got mad at me when I asked if they serve by the slice.
207,"busy, positive <sep> busy, negative <sep> busy, neutral",brunch neutral <sep> Blueberry Waffles positive,"I've only been in a few times for brunch as it does get quite busy, it's worth it though especially now that they have those amazing Blueberry Waffles."
208,"third negative <sep> third neutral <sep> waiting, positive <sep> waiting, negative <sep> waiting, neutral",waiting negative <sep> host neutral,"The third time, after, an hour and a half of waiting, my friend went up to the host to check the status."
209,eat positive <sep> eat negative <sep> eat neutral,place negative <sep> check neutral <sep> food negative,"It's a small and quaint place so have your expectations in check, but that doesn't mean anything bad - know going in that you are gonna eat some serious food!"
210,period. positive <sep> period. negative <sep> period. neutral,table neutral <sep> staff negative <sep> seats negative <sep> bar neutral,"We were directed to a table by a member of staff, which we were then informed was reserved, and lost our seats at the bar, all this after spending upwards of $30 each on very expensive drinks over a two-hour period."
211,check positive <sep> check negative <sep> check neutral,organic chicken negative <sep> wine neutral <sep> waitress negative,"Right after we finished the main course (the organic chicken was dry), but before we finish drinking the wine the check was placed on the table, and the waitress came back and picked it up three times."
212,"unpolished, neutral <sep> inquisitors positive <sep> inquisitors negative <sep> inquisitors neutral <sep> rum-flambeed neutral",servers positive <sep> menu neutral,"But servers, attentive if slightly unpolished, gladly direct inquisitors to menu strengths--like rum-flambeed dessert bananas foster--and allow leisurely enjoyment."
213,,owners neutral <sep> cooks positive,"So inexcpensive that you'd wonder about the sanity of the owners, if they weren't such good cooks."
214,The positive <sep> The negative <sep> The neutral <sep> room neutral <sep> client positive <sep> client negative <sep> client neutral,Scene positive <sep> lunch neutral,"The Scene Shun Lee Palace is popular with midtown locals, possibly because the upscale room means you can impress a client and have Chinese for lunch at the same time."
215,dessert positive <sep> dessert negative <sep> dessert neutral,waiter negative <sep> dish neutral <sep> dessert neutral <sep> mix up neutral,our waiter forgot a dish and we were constantly checked on afterwards and treated to a complimentary dessert for the mix up.
216,One neutral <sep> diners neutral,fish negative <sep> waitress neutral <sep> manager neutral,One of our diners didn't like her fish and both the waitress and the manager insisted on replacing it.
217,,service positive <sep> waiter negative,service was attentive at the beginning but the waiter lost us towards the end and we had to flag them down for the check.
218,"classic neutral <sep> Queen's positive <sep> Queen's negative <sep> Queen's neutral <sep> basket, negative <sep> basket, neutral <sep> yeasty neutral",Food neutral <sep> Italian menu positive <sep> bread positive <sep> varieties positive,"The Food The classic Italian menu gets off to a good start with Queen's famous bread basket, which is loaded with a slew of crunchy, yeasty homemade varieties."
219,"options, neutral",Dinner neutral <sep> portions negative,"Dinner is okay - not many vegetarian options, and the portions are small."
220,,specials positive <sep> wine neutral,He described the specials in great detail and gave wine and appertizer suggestions.
221,crowded neutral <sep> bar. neutral,place negative <sep> bar neutral,"My only complaint was that when I tried to go back with some friends on a crowded night, the place was packed, yet they told us there was a 20 minute wait and that we should wait at the bar."
222,cold neutral,waitress negative <sep> food positive,Our waitress was a bit cold but she was still attentive and food came quickly.
223,,bar neutral <sep> drop ceiling neutral <sep> space positive,Ask for a table closer to the bar than in back of the dining area; the drop ceiling the back compromises enjoying the soaring space of Guastavino's.
224,"I neutral <sep> food neutral <sep> entree negative <sep> entree neutral <sep> salad, neutral <sep> makes neutral",food positive <sep> entree neutral <sep> naan neutral <sep> d al neutral <sep> salad positive,"I love the food here, and although it is pricey, the entree comes with rice, naan, dal, and salad, which makes it worthwhile."
225,,frozen lasagna neutral <sep> service negative <sep> manager negative,"It was not the mistake of the frozen lasagna, it was the icy service of the manager which has spoiled this restaurant for me."
226,water neutral,service negative <sep> waiter negative <sep> water neutral <sep> meal neutral,"They have possibly the worst service in New York I have waited until the waiter has finished his paper, begged for water and waited over an hour for my meal."
227,love negative <sep> love neutral <sep> alternative neutral <sep> every neutral,Chinese food positive <sep> stuff positive <sep> dinner neutral,"I love Chinese food and have been looking for the alternative to the greasy stuff on every corner of New York- ya, you know, the stinky take-out joints that leave you smelling like dinner for 100 for the rest of the night!"
228,entree negative <sep> entree neutral,price positive <sep> lunch positive <sep> appetizer neutral,"Great value for the price-- lunch is an even better value, with entree and appetizer for between $8-10 or so."
229,hint positive <sep> hint negative <sep> hint neutral <sep> - positive <sep> - negative <sep> - neutral <sep> part positive <sep> part negative <sep> part neutral <sep> espresso negative <sep> espresso neutral,msg Dessert positive <sep> food quality neutral,"Steak - Porterhouse for 2 was served for 1, overspiced, overpriced and tasted frozen, with a hint of msg Dessert - best part of meal, good espresso Overall - if food quality matters to you over pretty lights and models handing you towels in the bathroom, i don't recommend."
230,- negative <sep> - neutral <sep> poor neutral,Dinner neutral <sep> Appetizers positive <sep> waiter negative,"Downtown Dinner 2002 - Prixe fix: Appetizers were ok, waiter gave me poor suggestion."
231,,waitress negative <sep> drink neutral <sep> meal negative,Our waitress did not take our drink order until I finally flagged her down and even then she seemed disinterested in our meal.
232,,service negative <sep> food positive <sep> ambience positive <sep> wait positive,"The only drawback was slow service, but the food and ambience are so nice that your wait is A) pleasant and B) worth it."
233,,Candles neutral <sep> furnishings positive <sep> music positive <sep> experience positive,"Candles on the tables, cozy furnishings and music at just the right level make it a great dining experience."
234,,turkey melt neutral <sep> fries positive,"I had a turkey melt, the turkey was fresh, fries were good."
235,"delish, negative <sep> delish, neutral <sep> know negative <sep> know neutral <sep> consume, neutral <sep> frustrated neutral",food positive <sep> service negative,"The food is delish, you just have to know the manners to consume, if you don't want to be frustrated with the service."
236,"browse neutral <sep> bread, neutral",a bowl of fried chickpeas neutral <sep> menu neutral <sep> lamb skewers positive <sep> French bread neutral <sep> meat neutral,"Snack on a bowl of fried chickpeas while you browse the menu, then move onto the tender lamb skewers, which arrive atop a slab of French bread, perfectly poised to catch the meat's sweet drippings."
237,items neutral,menu neutral <sep> duck dish positive,"Although she was obviously busy, she was helpful in describing certain items on the menu and suggested a duck dish that was out of this world."
238,although negative <sep> although neutral <sep> artichoke positive <sep> artichoke negative <sep> artichoke neutral,mussels marina positive <sep> appetizer neutral,"The mussels marina are a must for an appetizer, although you can't go wrong with the stuffed artichoke either."
239,,waiter neutral <sep> drink negative,I told the waiter that my drink tasted very bad and asked if he could swap it out for a Petron Margarita.
240,order positive <sep> order negative <sep> order neutral,deserts negative <sep> waiters negative <sep> menus closed neutral,"deserts were slow to order as waiters passed us twice, even with the menus closed."
241,"role, positive <sep> role, negative <sep> role, neutral",shrimp summer role positive <sep> shrimp dishes neutral,"I love the shrimp summer role, chicken kabob's, and all the chicken and shrimp dishes."
242,otherworldly neutral <sep> tasty neutral,ingredients neutral <sep> pizza positive,"The fresh sliced mozzerella, the sweet roasted peppers, the hint of garlic and oil, are just some of the ingredients that produce the light otherworldly tasty pizza at Grimaldi's."
243,important negative <sep> important neutral,edamame neutral <sep> sushi chef positive <sep> quality of food positive <sep> dish positive,"Ok I got the edamame and something from the sushi chef for free, but the quality of food is more important to me than a free small dish (maybe that's why the restaurant gives it to attact new customers."
244,,crew negative <sep> servers negative <sep> plates neutral <sep> dinner neutral,"A bustling crew of sage green-shirted servers whisk plates of luncheon and light dinner favorites to power lunchers, tourists, and ladies who lunch."
245,I positive <sep> I negative <sep> I neutral <sep> minutes neutral,waiter negative <sep> menus neutral,"I was told(very snottily) no, but then not even 10 minutes later another group of people came in, asked the same thing and because the same woman waiter knew them she gave them regular menus!"
246,waiting positive <sep> waiting negative <sep> waiting neutral <sep> 20 negative <sep> 20 neutral <sep> hover neutral,plates neutral <sep> waitstaff negative,"I can't imagine waiting for 20 minutes to have my plates removed, given that usually the waitstaff hover around like birds of prey waiting for a fork to drop etc."
247,olive positive <sep> olive negative <sep> olive neutral <sep> cheese neutral <sep> wheat neutral,olive cream cheese positive <sep> lox spread positive <sep> bagel neutral,Try the olive cream cheese or the lox spread on a whole wheat everything bagel.
248,server positive <sep> server negative <sep> server neutral,server negative <sep> drink neutral,"We finally flagged down another server who brought us more to drink, and then they took forever with the check."
249,made positive <sep> made negative <sep> made neutral <sep> huge negative <sep> huge neutral <sep> production neutral <sep> miso neutral,waiter positive <sep> sushi neutral,"The waiter made a huge production over what order he should deliver the food, as we all agreed the miso should be eaten with the sushi to aid digestion."
250,(mixing negative <sep> (mixing neutral,bottle of red wine neutral <sep> waitress negative,"For example, we had ordered a 2nd bottle of red wine, the waitress gave me a new glass to taste the wine, but filled up my existing glass (mixing two different bottles in one glass)."
251,matters negative <sep> matters neutral,dinner neutral <sep> waiter negative <sep> mojitos neutral,To make matters worse an hour into our dinner we see a waiter take mojitos to another table.
252,,list positive <sep> American bar food staples neutral <sep> burgers neutral <sep> fries neutral,"The kitchen turns out a long list of American bar food staples, like burgers and fries."
253,mole positive <sep> mole negative <sep> mole neutral <sep> course negative <sep> course neutral,chicken breast with mole sauce neutral <sep> guacamole neutral <sep> sour cream and pico de positive,"The chicken breast with mole sauce, guacamole, sour cream and pico de gallo is a delicious main course and quite filling."
254,,round pizza negative <sep> Sicilian positive,"The round pizza doesn't taste as good as I recall, it's still wonderful, but the Sicilian is to die for."
255,,table neutral <sep> manager negative <sep> food negative,"Also, overheard gent at the next table complaining to the manager about his food."
256,waiting positive <sep> waiting negative <sep> waiting neutral <sep> hours negative <sep> hours neutral,holiday dinner neutral <sep> waiting negative <sep> appetizers neutral,I planned a holiday dinner at Kurio and we ended up waiting two hours for the appetizers.
257,The neutral <sep> glass neutral,service positive <sep> manager positive <sep> food neutral,"The service was great -- my glass was refilled without having to ask, we were greeted by the manager that day to ask how our food was."
258,disappointed neutral <sep> biggest neutral,menu neutral <sep> ribs positive <sep> pork positive,"Between the seven of us we sampled just about everything on the menu, and nothing disappointed (ribs pulled pork seemed like the biggest hits)."
259,old neutral <sep> nearby negative <sep> nearby neutral <sep> waiting neutral,Service positive <sep> hostess neutral,"Service has improved drastically from the old days, you are now seated by a hostess instead of standing behind a nearby table waiting for them to finish."
260,Start neutral <sep> wine neutral,atmosphere positive <sep> bar neutral,"Start by enjoying the atmosphere while having a glass of wine at the bar and we you are ready, go and enjoy your food!"
261,,dinner neutral <sep> place negative,"When we went to dinner here, the place was empty, which should have been a clue."
262,"seen positive <sep> seen negative <sep> seen neutral <sep> greens, neutral",prices negative <sep> menu neutral <sep> soup neutral,"I expected high prices at Nello, but as I looked at the menu my eyes became as large as the Birkin Mary-Kate has been seen toting around these days--$18 for soup, $22 for a plate of mixed greens, $40 for pasta."
263,worth neutral <sep> price. negative <sep> price. neutral,food positive <sep> price negative,") The food was good, but not at all worth the price."
264,,bartender negative <sep> bill neutral,"Lastly, the bartender didnt give me detailed bill, just my credit card receipt to sign."
265,lunch positive <sep> lunch negative <sep> lunch neutral,dining neutral <sep> owner negative,"While dining on a delicate lamb carpaccio, and grilled skate wing, the owner explained that due to low lunch-time patronage, they may be discontinuing lunch altogether."
266,waiter positive <sep> waiter negative <sep> waiter neutral <sep> get positive <sep> get negative <sep> get neutral <sep> 15 negative <sep> 15 neutral <sep> hour positive <sep> hour negative <sep> hour neutral,waiter negative <sep> menu neutral <sep> food neutral,"After being seated took our waiter 10 mintues to get us a menu, 15 minutes to come back for our order, by the time we finally got our food it was almost 1 1/2 hour since getting there."
267,eaten positive <sep> eaten negative <sep> eaten neutral <sep> food neutral,lunch neutral <sep> dinner neutral <sep> food positive,"we live down the street and have eaten here many times for lunch and dinner, and the food is consistently terrific."
268,,attitude positive <sep> managers positive <sep> food negative,"I find the attitude of the managers to be appallingly superior, and the food below average, at sky-high prices."
269,"decent, negative <sep> decent, neutral <sep> nice, negative <sep> nice, neutral <sep> tables positive <sep> tables negative <sep> tables neutral",bistro food neutral <sep> decor positive <sep> waiters positive <sep> tables negative,"The food is decent, average bistro food, the decor is nice, but the service is poor, the waiters always seems to have to many tables andcant keep up with a good services."
270,,waitress negative <sep> food neutral <sep> appetizers neutral,However when the party was complete we had the other waitress come over who said that we had to order all the food at once and couldnt order just appetizers.
271,nice neutral,food neutral <sep> mix of sandwiches positive <sep> salads positive <sep> appetizers positive,"The food was a mix of sandwiches, salads and appetizers that were mostly healthy and had a nice Brazilian touch."
272,lists positive <sep> lists negative <sep> lists neutral,chef neutral <sep> brick oven positive <sep> wine positive,"With a chef from Liguria, Italy, authentic Neapolitan brick oven pizza and one of the most impressive Italian wine lists I've ever seen, this was the real deal!"
273,,scallops positive <sep> dinner neutral,"Though I wasn't starving, it was still a bit surprising to find four (yes, FOUR) scallops on my plate for dinner."
274,"little neutral <sep> woman's neutral <sep> No, negative <sep> No, neutral",lunch neutral <sep> waiter negative,"The lunch got a little bizarre when we asked the waiter how the joint got it's name, and he made his hands into cups in reference to placing them on a woman's breasts and said, No, not this."
275,eat negative <sep> eat neutral,dinner neutral <sep> drink neutral <sep> bar neutral <sep> staff positive,"I go there to eat dinner, brunch, or to just drink and hang out at the bar with the friendly staff."
276,bill neutral <sep> roof. positive <sep> roof. negative <sep> roof. neutral,bill neutral <sep> drinks neutral <sep> waitress negative,"When we got our bill the drinks were full priced and when we asked, our waitress said that there is no happy hour on the roof."
277,besides negative <sep> besides neutral,food positive <sep> service positive <sep> owners neutral,"The night I was there, besides extraordinary food and service, the owners; Carmelo Leotta and Pietro Cinquemani were belting out Mario Lanzi tunes on the Steinway piano."
278,party positive <sep> party negative <sep> party neutral <sep> night neutral <sep> served negative <sep> served neutral <sep> courses negative <sep> courses neutral <sep> dishes positive <sep> dishes negative <sep> dishes neutral,dinner neutral <sep> meal positive <sep> dishes served positive,"Had a party of 7 people for dinner here on a busy night for the restaurant, and our meal was excellent and served with extreme consistency (all appetizers and main courses were served at the right times, with none of the dishes served at the wrong temperature)."
279,,waitress negative <sep> price neutral <sep> menu neutral,The waitress gave us attitude because we orderred the price fix and not the regular menu.
280,"polite, positive <sep> polite, negative <sep> polite, neutral <sep> werent positive <sep> werent negative <sep> werent neutral",service positive <sep> meal neutral,"The service was polite, friendly and prompt, the characters walking around entertained the kids but werent intrusive to our meal."
281,New positive <sep> New negative <sep> New neutral,pizza positive <sep> menu neutral,"When my brother and I we had too much pizza in New York, we would like to order something else from the menu."
282,1hr+ neutral,reservations neutral <sep> waiting negative,"Despite reservations, we ended up waiting for 1hr+"
283,feeling neutral,dining establishment neutral <sep> artworks positive <sep> gold ceiling positive,"Bouley has done an excellent job creating this dining establishment with almost a museum sense, the artworks on the wall have a very Klimty feeling and the gold ceiling completes the rest of the experience."
284,This neutral <sep> served neutral,served positive <sep> service negative,This place would be so much better served by being run by a group that actually understands customer service.
285,etc. positive <sep> etc. negative <sep> etc. neutral,meat positive <sep> vegetables negative,"The meat was great, but vegetables needed flavor and etc."
286,,bar neutral <sep> front neutral <sep> tables negative,it would be better to place the bar closer to the front of the restaurant and away from the tables.
287,dance positive <sep> dance negative <sep> dance neutral,disco balls negative <sep> DJ neutral <sep> dance beats negative,"Art and miscellany adorn the black-painted walls; strings of colored lights, disco balls and TVs are hung here and there; and on weekends a DJ fills the dining room with loud dance beats."
288,french positive <sep> french negative <sep> french neutral,appetizers positive <sep> baked fontina neutral <sep> lentil cake neutral <sep> french onion soup neutral <sep> salads positive,"Rich appetizers (baked fontina, lentil cake, french onion soup) and ample, tasty salads."
289,array positive <sep> array negative <sep> array neutral,entrees positive <sep> Mussels neutral <sep> menu neutral,"Includes a diverse array of entrees ranging from Boar (prepared in your choice of either the French or Asian tradition), Mussels, or Pad Thai that grace the menu all at once, each one prepared in a distinctly different and delicate sauce."
290,,bar neutral <sep> martinis positive,"I had a 9pm reservation and wound up sitting down closer to 10, but the bar was entertaining enough for the almost-an-hour wait (excellent martinis)."
291,People negative <sep> People neutral <sep> waiting neutral,lunch neutral <sep> waiting neutral <sep> burger negative,People will literally spend their entire lunch break waiting and for what - an average fastfood burger.
292,dining neutral,dining room neutral <sep> manager negative,"When I couldn't hear any of my selections in the dining room, the manager told me that the broken speakers in were 'not his fault'"
293,third neutral <sep> decided negative <sep> decided neutral,drinks neutral <sep> manager negative,"After demanding a free round of drinks from a third manager, our party decided to bail on this horrific french import."
294,plates positive <sep> plates negative <sep> plates neutral <sep> table positive <sep> table negative <sep> table neutral,waitress negative <sep> drinks neutral <sep> plates neutral,"Once at the table our waitress managed on two occasions to take 15 minutes bringing drinks to our table, our plates sat uncleared on the table for just as long."
295,Sunday neutral,wait negative <sep> Brunch neutral,Seating is usually very prompt but expect a wait at peak times such as Sunday Brunch.
296,called negative <sep> called neutral,waitress negative <sep> water neutral,"' When I called the waitress on it, she said that they simply couldn't serve tap water."
297,Clinton-frequented neutral <sep> dining positive <sep> dining negative <sep> dining neutral <sep> lighting. neutral,interior positive <sep> bar negative,"The Clinton-frequented restaurant stands handsomely on a quiet residential corner, and the modern interior includes a long dining room, a small bar and harsh lighting."
298,drinks negative <sep> drinks neutral <sep> seen neutral,waiter positive <sep> drinks neutral,"The waiter appeared promptly, took our order, bought us drinks and was never to be seen again."
299,If neutral <sep> mind negative <sep> mind neutral <sep> Melissa. neutral,employees neutral <sep> treats positive,"If you don't mind interacting with sour-puss employees, then by all means, enjoy the treats at Sweet Melissa."
