Predicted sentiment tags,Gold sentiment tags
"[(110, 115, 'POS'), (110, 115, 'NEU'), (92, 100, 'NEU'), (162, 166, 'NEU'), (4, 7, 'NEU')]","[(4, 7, 'NEU'), (12, 17, 'POS'), (92, 100, 'POS')]"
"[(122, 125, 'NEU'), (86, 93, 'NEG')]","[(62, 66, 'NEU'), (86, 93, 'NEG'), (122, 125, 'NEU')]"
"[(4, 8, 'POS'), (141, 145, 'NEU')]","[(4, 8, 'POS'), (141, 145, 'NEU')]"
"[(77, 82, 'NEG')]","[(77, 82, 'NEG'), (142, 147, 'NEU')]"
"[(27, 30, 'NEU'), (85, 89, 'POS')]","[(27, 30, 'NEU'), (85, 89, 'POS')]"
"[(54, 60, 'NEG'), (25, 28, 'POS')]","[(25, 28, 'POS'), (54, 60, 'NEG')]"
"[(93, 97, 'NEU'), (71, 75, 'POS')]","[(59, 65, 'POS'), (71, 75, 'POS'), (93, 97, 'NEG')]"
"[(110, 114, 'NEG'), (110, 114, 'POS'), (25, 29, 'NEU')]","[(35, 43, 'NEU'), (110, 114, 'POS'), (159, 162, 'POS')]"
"[(145, 157, 'POS'), (159, 164, 'NEU'), (20, 23, 'POS'), (206, 213, 'NEU'), (145, 157, 'NEU')]","[(4, 23, 'NEU'), (72, 84, 'POS'), (91, 125, 'NEU'), (131, 143, 'NEU'), (145, 157, 'NEU'), (159, 164, 'NEU'), (170, 181, 'NEU'), (195, 200, 'POS')]"
"[(17, 27, 'NEU'), (103, 106, 'NEU'), (112, 119, 'NEG')]","[(17, 22, 'POS'), (67, 70, 'NEU'), (112, 119, 'NEG')]"
"[(51, 64, 'POS'), (51, 64, 'NEU'), (0, 8, 'POS')]","[(0, 8, 'POS'), (41, 64, 'NEU'), (73, 109, 'NEU')]"
"[(15, 20, 'POS'), (95, 108, 'NEU')]","[(15, 20, 'POS'), (26, 28, 'POS'), (37, 48, 'NEU')]"
"[(16, 39, 'POS'), (4, 8, 'NEU')]","[(4, 8, 'NEU'), (16, 21, 'NEG'), (27, 31, 'NEU'), (33, 39, 'NEU')]"
"[(86, 88, 'NEU'), (24, 33, 'NEG')]","[(24, 33, 'NEG'), (86, 88, 'NEU')]"
"[(42, 45, 'NEU'), (10, 13, 'NEG')]","[(42, 45, 'NEU'), (75, 79, 'NEG')]"
"[(169, 172, 'NEU'), (24, 29, 'NEU'), (4, 11, 'NEG')]","[(4, 11, 'NEG'), (24, 29, 'NEU'), (96, 99, 'NEU')]"
"[(87, 90, 'NEU')]","[(53, 59, 'NEU'), (69, 72, 'NEU'), (87, 90, 'POS')]"
"[(51, 58, 'NEG'), (51, 58, 'POS')]","[(33, 36, 'NEG'), (51, 58, 'NEU'), (68, 74, 'NEU')]"
"[(256, 259, 'NEU'), (2, 14, 'POS'), (209, 222, 'NEU')]","[(2, 14, 'POS'), (77, 92, 'NEU'), (216, 222, 'POS')]"
"[(55, 58, 'POS'), (7, 10, 'NEU')]","[(7, 10, 'NEU'), (55, 58, 'POS')]"
"[(3, 8, 'NEU'), (77, 80, 'POS')]","[(3, 8, 'NEU'), (57, 67, 'POS'), (77, 80, 'POS')]"
"[(111, 116, 'NEG'), (20, 24, 'NEU')]","[(6, 12, 'NEU'), (20, 24, 'NEU'), (41, 45, 'NEU'), (111, 116, 'NEG')]"
"[(51, 53, 'NEU')]","[(51, 53, 'NEU'), (86, 90, 'POS')]"
"[(4, 7, 'NEU'), (88, 92, 'NEG'), (45, 48, 'NEU')]","[(4, 7, 'POS'), (19, 24, 'POS'), (88, 92, 'NEU')]"
"[(5, 13, 'NEU'), (5, 13, 'POS'), (77, 81, 'POS'), (5, 28, 'POS')]","[(5, 13, 'POS'), (16, 28, 'NEU'), (30, 40, 'NEU'), (42, 58, 'NEU'), (77, 81, 'POS')]"
"[(50, 55, 'NEU'), (67, 71, 'POS')]","[(50, 55, 'NEU'), (67, 71, 'NEU'), (98, 107, 'POS')]"
"[(18, 27, 'NEG'), (4, 12, 'POS')]","[(4, 12, 'POS'), (18, 27, 'POS'), (98, 108, 'POS'), (56, 63, 'NEU')]"
"[(27, 33, 'NEU'), (70, 73, 'NEG')]","[(11, 18, 'POS'), (27, 33, 'POS'), (70, 73, 'NEG')]"
"[(15, 20, 'NEU'), (68, 74, 'NEG')]","[(15, 20, 'NEU'), (68, 74, 'NEG')]"
"[(44, 48, 'NEG'), (6, 9, 'POS')]","[(6, 9, 'POS'), (44, 48, 'NEG')]"
"[(50, 53, 'NEU'), (59, 79, 'POS')]","[(17, 23, 'POS'), (50, 53, 'NEU')]"
"[(4, 10, 'NEU'), (71, 74, 'NEG')]","[(4, 10, 'NEG'), (63, 74, 'NEU')]"
"[(88, 96, 'NEG'), (88, 96, 'NEU'), (73, 76, 'NEU')]","[(20, 26, 'NEG'), (73, 76, 'NEU'), (88, 96, 'NEG')]"
"[(72, 75, 'NEU'), (4, 9, 'NEG'), (140, 148, 'NEU')]","[(4, 9, 'POS'), (127, 131, 'NEU')]"
"[(66, 71, 'NEU'), (77, 79, 'POS'), (4, 10, 'NEU')]","[(28, 31, 'POS'), (36, 59, 'NEU'), (66, 71, 'NEU'), (77, 79, 'NEU')]"
"[(32, 36, 'NEG'), (16, 21, 'NEU')]","[(16, 21, 'NEU'), (32, 36, 'NEG')]"
"[(123, 126, 'NEU'), (70, 75, 'NEG')]","[(70, 75, 'NEG'), (123, 126, 'NEU')]"
"[(110, 116, 'NEU'), (4, 7, 'POS')]","[(4, 7, 'POS'), (110, 116, 'NEU'), (148, 155, 'NEU')]"
"[(102, 106, 'POS')]","[(4, 11, 'NEU'), (33, 43, 'POS'), (102, 106, 'POS')]"
"[(78, 81, 'NEU'), (19, 22, 'POS')]","[(19, 22, 'POS'), (78, 81, 'NEU')]"
"[(76, 84, 'NEU'), (20, 27, 'NEG')]","[(20, 27, 'NEG'), (80, 84, 'NEU')]"
"[(62, 66, 'NEU'), (39, 42, 'NEU'), (62, 66, 'POS')]","[(39, 42, 'POS'), (62, 66, 'NEU')]"
"[(15, 21, 'NEG'), (104, 109, 'NEU')]","[(15, 21, 'NEG'), (26, 29, 'NEG'), (104, 109, 'NEU')]"
"[(4, 8, 'POS'), (49, 53, 'POS')]","[(4, 8, 'POS'), (49, 53, 'NEG')]"
"[(60, 72, 'POS'), (35, 43, 'POS')]","[(4, 33, 'NEU'), (35, 43, 'NEU'), (45, 66, 'POS')]"
"[(64, 68, 'POS'), (19, 23, 'NEU')]","[(12, 23, 'NEU'), (33, 37, 'NEG')]"
"[(51, 55, 'NEU'), (87, 89, 'NEU')]","[(51, 55, 'NEU'), (87, 89, 'POS')]"
"[(90, 100, 'NEU'), (123, 126, 'POS'), (147, 150, 'NEU')]","[(90, 100, 'NEU'), (123, 133, 'POS')]"
"[(47, 51, 'NEU'), (14, 21, 'NEG')]","[(14, 21, 'NEG'), (47, 51, 'NEU')]"
"[(67, 71, 'NEG'), (29, 31, 'NEU')]","[(29, 31, 'NEU'), (67, 71, 'NEG')]"
"[(130, 132, 'NEU'), (30, 38, 'NEG'), (121, 125, 'NEU')]","[(30, 38, 'NEG'), (57, 73, 'NEU')]"
"[(78, 91, 'NEU'), (56, 64, 'NEU'), (56, 64, 'POS'), (78, 91, 'NEG')]","[(14, 26, 'NEG'), (56, 64, 'NEG'), (70, 72, 'POS'), (78, 91, 'POS')]"
"[(9, 15, 'POS'), (53, 56, 'NEU')]","[(9, 15, 'NEU'), (29, 33, 'NEU'), (120, 123, 'NEG')]"
"[(46, 52, 'NEU'), (101, 104, 'NEG')]","[(46, 52, 'POS'), (101, 104, 'NEG')]"
"[(40, 43, 'NEU'), (4, 9, 'POS')]","[(4, 9, 'POS'), (40, 43, 'NEU')]"
"[(4, 9, 'NEG'), (111, 114, 'NEU')]","[(4, 9, 'POS'), (111, 114, 'NEU')]"
"[(70, 74, 'NEG'), (9, 13, 'NEG')]","[(9, 14, 'NEG'), (33, 36, 'POS')]"
"[(32, 50, 'NEU'), (64, 68, 'NEG')]","[(4, 15, 'NEG'), (64, 68, 'NEU')]"
"[(21, 36, 'NEU'), (56, 69, 'POS')]","[(21, 27, 'NEG'), (56, 69, 'NEU')]"
"[(184, 187, 'NEU'), (10, 14, 'POS'), (144, 150, 'NEU')]","[(10, 14, 'POS'), (42, 47, 'POS'), (144, 150, 'NEU'), (159, 164, 'NEU'), (184, 187, 'NEU')]"
"[(74, 77, 'POS')]","[(37, 51, 'NEU'), (74, 77, 'POS')]"
"[(77, 85, 'NEU'), (20, 25, 'NEU')]","[(12, 25, 'NEU'), (52, 58, 'NEG'), (77, 85, 'NEU')]"
"[(4, 7, 'NEU'), (34, 39, 'POS')]","[(4, 7, 'POS'), (34, 39, 'NEG')]"
"[(24, 48, 'NEU'), (98, 101, 'POS')]","[(46, 48, 'POS'), (98, 101, 'NEU')]"
"[(8, 12, 'POS'), (55, 60, 'NEU')]","[(26, 36, 'NEG'), (55, 60, 'POS'), (62, 66, 'POS')]"
"[(111, 115, 'NEU'), (16, 21, 'NEU')]","[(65, 70, 'NEG'), (111, 115, 'NEU')]"
"[(43, 49, 'NEU'), (76, 79, 'NEG')]","[(43, 49, 'NEG'), (76, 79, 'NEU')]"
"[(146, 156, 'NEU'), (74, 83, 'NEU')]","[(74, 83, 'NEG'), (134, 135, 'NEU'), (168, 177, 'NEG')]"
"[(42, 46, 'NEU'), (19, 26, 'NEG')]","[(19, 26, 'NEG'), (42, 46, 'NEU'), (101, 106, 'NEU')]"
"[(4, 10, 'NEU'), (60, 71, 'POS')]","[(4, 10, 'NEU'), (40, 43, 'POS'), (60, 71, 'POS')]"
"[(84, 87, 'NEG'), (34, 40, 'NEU')]","[(34, 40, 'POS'), (84, 87, 'NEU')]"
"[(165, 187, 'POS'), (193, 201, 'POS'), (7, 18, 'NEU')]","[(14, 18, 'NEU'), (22, 40, 'POS'), (85, 100, 'POS'), (156, 201, 'NEU')]"
"[(19, 24, 'NEG'), (106, 114, 'NEU')]","[(19, 24, 'NEG'), (76, 95, 'NEU')]"
"[(69, 71, 'NEU'), (22, 31, 'POS')]","[(22, 31, 'POS'), (69, 71, 'NEU')]"
"[(78, 82, 'POS'), (31, 35, 'NEU')]","[(31, 35, 'NEG'), (69, 82, 'POS')]"
"[(35, 40, 'NEG'), (100, 105, 'NEU')]","[(35, 40, 'NEG'), (100, 105, 'NEU')]"
"[(44, 50, 'NEG'), (56, 61, 'NEU')]","[(44, 50, 'NEG'), (56, 61, 'NEU')]"
"[(47, 57, 'POS'), (63, 71, 'POS'), (4, 29, 'NEG')]","[(4, 29, 'NEG'), (47, 57, 'NEG'), (63, 71, 'NEU')]"
"[(35, 40, 'POS'), (4, 10, 'POS')]","[(4, 10, 'NEG'), (35, 40, 'POS')]"
"[(90, 102, 'NEU')]","[(45, 52, 'NEU'), (81, 85, 'POS')]"
"[(22, 24, 'POS')]","[(22, 24, 'POS'), (33, 39, 'NEU'), (44, 55, 'NEU'), (89, 94, 'POS')]"
"[(74, 86, 'NEG'), (4, 22, 'NEU'), (126, 128, 'NEG')]","[(4, 22, 'NEU'), (43, 55, 'POS'), (126, 128, 'NEU')]"
"[(10, 16, 'NEG'), (47, 50, 'POS'), (22, 28, 'POS')]","[(10, 16, 'NEG'), (22, 28, 'NEG'), (47, 50, 'POS')]"
"[(116, 119, 'NEU')]","[(59, 63, 'NEG'), (103, 107, 'NEU'), (116, 119, 'POS')]"
"[(109, 114, 'NEG'), (25, 35, 'NEU'), (145, 156, 'NEU')]","[(25, 35, 'NEU'), (57, 61, 'NEG')]"
"[(75, 78, 'NEU')]","[(32, 36, 'NEU'), (57, 63, 'NEG'), (75, 78, 'NEG')]"
"[(22, 28, 'NEG'), (38, 42, 'NEU')]","[(22, 28, 'NEG'), (38, 42, 'NEU')]"
"[(244, 252, 'NEG'), (14, 16, 'NEU'), (99, 104, 'POS')]","[(14, 16, 'NEU'), (52, 59, 'NEG'), (149, 152, 'POS'), (244, 252, 'NEG')]"
"[(9, 12, 'NEU')]","[(9, 12, 'NEU'), (144, 150, 'POS')]"
"[(141, 151, 'NEG'), (54, 61, 'POS'), (141, 144, 'NEG')]","[(54, 61, 'NEG'), (153, 160, 'NEU')]"
"[(62, 65, 'NEU'), (4, 10, 'POS')]","[(37, 53, 'NEG'), (62, 65, 'NEU')]"
"[(6, 16, 'NEU'), (39, 42, 'NEG')]","[(6, 16, 'NEU'), (39, 45, 'NEG')]"
"[(6, 9, 'NEU'), (85, 88, 'POS'), (85, 88, 'NEU'), (173, 180, 'POS')]","[(0, 9, 'POS'), (63, 69, 'NEU'), (85, 88, 'NEU'), (97, 103, 'NEU'), (108, 115, 'NEU'), (173, 180, 'POS')]"
"[(193, 198, 'NEU')]","[(116, 122, 'NEG'), (150, 154, 'NEU')]"
"[(6, 10, 'POS'), (16, 20, 'NEU')]","[(6, 10, 'POS'), (16, 20, 'NEU')]"
"[(93, 96, 'NEU'), (23, 27, 'NEU'), (47, 60, 'NEG')]","[(23, 27, 'NEU'), (47, 54, 'POS')]"
"[(46, 49, 'NEU'), (21, 26, 'NEG')]","[(21, 26, 'NEG'), (46, 49, 'NEU')]"
"[(4, 14, 'POS'), (75, 82, 'POS')]","[(4, 14, 'NEG'), (75, 82, 'POS')]"
"[(26, 38, 'NEU'), (53, 60, 'POS')]","[(49, 60, 'NEU'), (66, 70, 'NEG')]"
"[(209, 218, 'NEU')]","[(11, 41, 'NEU'), (65, 69, 'POS'), (91, 108, 'POS'), (110, 145, 'POS'), (156, 174, 'POS')]"
"[(60, 64, 'NEU')]","[(92, 96, 'NEG'), (140, 143, 'NEU')]"
"[(93, 95, 'NEU'), (4, 9, 'POS')]","[(4, 9, 'POS'), (72, 75, 'NEU')]"
"[(75, 79, 'NEG'), (21, 29, 'POS')]","[(31, 34, 'NEG'), (75, 79, 'POS')]"
"[(30, 32, 'NEU'), (54, 64, 'POS')]","[(30, 32, 'NEU'), (71, 82, 'NEU'), (125, 129, 'POS')]"
"[(25, 29, 'POS'), (70, 77, 'NEG')]","[(16, 19, 'NEU'), (25, 29, 'NEU'), (70, 77, 'NEG')]"
"[(98, 108, 'NEU'), (4, 10, 'NEG'), (176, 182, 'NEU'), (154, 160, 'NEU')]","[(4, 10, 'NEG'), (37, 42, 'NEG'), (98, 108, 'NEU')]"
"[(4, 9, 'NEG'), (73, 82, 'NEU')]","[(4, 9, 'NEG'), (73, 76, 'NEU')]"
"[(137, 151, 'NEU'), (4, 7, 'POS')]","[(4, 7, 'NEU'), (13, 21, 'NEU'), (32, 35, 'NEU'), (48, 53, 'NEU'), (126, 135, 'POS'), (157, 176, 'POS'), (227, 239, 'POS'), (246, 262, 'POS'), (272, 276, 'POS'), (282, 288, 'POS'), (318, 329, 'POS')]"
"[(33, 36, 'NEU'), (13, 17, 'NEU')]","[(13, 17, 'NEG'), (33, 36, 'NEU')]"
"[(42, 44, 'POS'), (12, 17, 'NEU'), (4, 7, 'POS')]","[(4, 7, 'POS'), (12, 17, 'NEU')]"
"[(4, 7, 'NEU'), (46, 52, 'POS')]","[(4, 7, 'NEG'), (46, 52, 'POS')]"
"[(64, 70, 'NEG')]","[(48, 58, 'NEU'), (64, 70, 'NEG')]"
"[(86, 102, 'POS'), (14, 18, 'NEU')]","[(0, 5, 'NEU'), (25, 34, 'POS'), (40, 44, 'POS'), (93, 102, 'POS')]"
"[(32, 37, 'NEG'), (97, 100, 'NEU')]","[(32, 37, 'NEG'), (97, 100, 'NEU')]"
"[(179, 181, 'NEG'), (179, 181, 'NEU')]","[(90, 94, 'NEG'), (179, 181, 'NEU')]"
"[(4, 7, 'NEG'), (15, 19, 'NEU')]","[(4, 7, 'NEG'), (15, 19, 'NEU')]"
"[(20, 24, 'POS'), (63, 68, 'NEU'), (6, 10, 'POS'), (28, 32, 'NEU')]","[(20, 24, 'POS'), (28, 32, 'POS'), (74, 82, 'NEU')]"
"[(22, 26, 'NEU'), (66, 70, 'POS')]","[(22, 26, 'NEU'), (100, 114, 'POS')]"
"[(4, 7, 'NEU'), (93, 96, 'NEG')]","[(4, 7, 'POS'), (13, 19, 'POS'), (93, 96, 'NEG'), (121, 123, 'NEG')]"
"[(22, 27, 'NEU'), (61, 64, 'POS')]","[(22, 27, 'NEU'), (61, 64, 'NEG')]"
"[(121, 124, 'NEU'), (4, 11, 'NEG')]","[(4, 11, 'NEG'), (30, 34, 'NEU'), (121, 124, 'NEG')]"
"[(34, 38, 'NEG'), (19, 22, 'NEU')]","[(0, 9, 'NEG'), (65, 72, 'NEU')]"
"[(56, 58, 'NEU'), (41, 45, 'NEU'), (56, 58, 'NEG')]","[(4, 13, 'NEG'), (56, 58, 'NEU')]"
"[(57, 71, 'NEU'), (8, 19, 'POS')]","[(8, 19, 'NEU'), (57, 71, 'NEG')]"
"[(4, 8, 'POS'), (56, 58, 'NEG')]","[(4, 8, 'NEG'), (56, 58, 'NEG'), (72, 81, 'POS')]"
"[(27, 30, 'POS'), (16, 21, 'NEU')]","[(63, 66, 'NEU'), (84, 87, 'NEG')]"
"[(68, 78, 'POS'), (11, 28, 'POS'), (11, 28, 'NEU')]","[(11, 28, 'POS'), (68, 78, 'NEU')]"
"[(77, 80, 'NEU'), (106, 113, 'NEG')]","[(8, 20, 'NEG'), (77, 80, 'NEU'), (106, 113, 'NEG'), (146, 156, 'NEG')]"
"[(62, 66, 'NEG'), (39, 49, 'NEU')]","[(39, 49, 'NEU'), (62, 66, 'NEG')]"
"[(96, 101, 'POS'), (41, 45, 'NEU')]","[(41, 45, 'NEU'), (53, 59, 'NEU'), (96, 101, 'NEG')]"
"[(197, 207, 'NEU'), (235, 239, 'NEU'), (25, 29, 'POS')]","[(51, 54, 'POS'), (120, 124, 'NEU'), (203, 207, 'NEU')]"
"[(50, 57, 'POS'), (178, 182, 'POS'), (17, 22, 'NEU')]","[(17, 22, 'POS'), (40, 48, 'POS'), (78, 83, 'NEU'), (133, 136, 'POS'), (158, 162, 'POS'), (178, 182, 'POS')]"
"[(25, 29, 'NEG'), (62, 68, 'POS')]","[(25, 29, 'NEG'), (53, 56, 'POS')]"
"[(32, 37, 'NEG'), (61, 65, 'NEU')]","[(32, 37, 'NEG'), (61, 65, 'NEU')]"
"[(16, 21, 'NEG'), (80, 84, 'NEG')]","[(16, 21, 'NEG'), (80, 84, 'NEU'), (123, 129, 'NEU')]"
"[(56, 68, 'NEG'), (35, 39, 'NEU'), (56, 68, 'NEU')]","[(35, 39, 'NEU'), (65, 68, 'POS')]"
"[(80, 83, 'NEU'), (101, 109, 'POS')]","[(80, 83, 'NEU'), (101, 109, 'POS')]"
"[(50, 53, 'NEU'), (4, 13, 'POS'), (80, 89, 'NEU')]","[(50, 53, 'NEU'), (4, 13, 'POS')]"
"[(49, 54, 'NEG'), (4, 8, 'NEU')]","[(4, 8, 'NEU'), (49, 54, 'NEG')]"
"[(98, 103, 'NEU'), (4, 12, 'POS')]","[(4, 12, 'NEG'), (98, 103, 'POS')]"
"[(149, 156, 'NEG'), (53, 59, 'NEG'), (135, 139, 'NEU')]","[(45, 59, 'NEG'), (103, 106, 'NEU'), (149, 156, 'NEG')]"
"[(4, 16, 'POS'), (117, 121, 'NEG')]","[(4, 16, 'POS'), (58, 65, 'NEU')]"
"[(206, 209, 'NEU'), (275, 288, 'NEG'), (225, 231, 'POS'), (4, 7, 'POS')]","[(4, 7, 'NEU'), (53, 68, 'NEU'), (85, 92, 'NEU'), (190, 204, 'POS'), (215, 231, 'POS')]"
"[(12, 15, 'NEU'), (62, 67, 'NEU')]","[(12, 15, 'NEU'), (31, 36, 'POS')]"
"[(79, 89, 'POS'), (53, 67, 'NEU')]","[(34, 51, 'NEG'), (79, 89, 'NEU')]"
"[(157, 166, 'NEU'), (131, 134, 'NEG'), (3, 6, 'NEG')]","[(3, 6, 'NEG'), (50, 61, 'NEU'), (89, 92, 'NEG'), (102, 108, 'NEG'), (131, 134, 'NEG')]"
"[(46, 51, 'NEU'), (0, 6, 'POS')]","[(0, 6, 'POS'), (46, 51, 'NEG')]"
"[(38, 43, 'POS'), (8, 12, 'NEU')]","[(8, 12, 'NEU'), (23, 43, 'POS')]"
"[(93, 96, 'NEU'), (128, 143, 'NEG')]","[(49, 58, 'NEG'), (93, 96, 'NEU'), (140, 143, 'NEU')]"
"[(4, 14, 'NEU'), (69, 73, 'NEG'), (102, 110, 'NEG')]","[(69, 73, 'NEU'), (92, 96, 'NEG'), (102, 110, 'NEG')]"
"[(4, 13, 'POS'), (91, 94, 'NEU')]","[(4, 13, 'POS'), (54, 61, 'NEG'), (91, 94, 'NEU')]"
"[(27, 31, 'POS'), (75, 85, 'NEU')]","[(27, 31, 'NEG'), (75, 85, 'NEU')]"
"[(66, 71, 'NEU')]","[(34, 42, 'NEU'), (153, 162, 'POS')]"
"[(4, 9, 'NEU'), (91, 94, 'NEG')]","[(4, 9, 'NEU'), (91, 94, 'POS')]"
"[(63, 68, 'NEU'), (17, 24, 'NEG')]","[(17, 24, 'NEU'), (63, 68, 'NEG'), (90, 93, 'NEU')]"
"[(6, 16, 'NEU'), (113, 119, 'NEG')]","[(6, 16, 'NEU'), (56, 72, 'NEG')]"
"[(40, 48, 'NEU'), (40, 48, 'POS'), (90, 104, 'POS'), (4, 7, 'POS'), (14, 28, 'NEU')]","[(4, 7, 'NEU'), (14, 28, 'POS'), (30, 34, 'POS'), (40, 48, 'POS')]"
"[(82, 89, 'NEG'), (56, 68, 'NEU')]","[(3, 20, 'POS'), (56, 68, 'NEU'), (149, 155, 'NEG')]"
"[(44, 47, 'NEU'), (25, 34, 'POS'), (25, 34, 'NEU')]","[(44, 47, 'NEU'), (79, 88, 'POS')]"
"[(22, 25, 'NEU'), (51, 60, 'NEU'), (4, 11, 'NEG')]","[(4, 11, 'NEG'), (22, 25, 'NEU'), (51, 54, 'NEU')]"
"[(75, 87, 'POS'), (127, 129, 'NEU')]","[(75, 87, 'POS'), (127, 129, 'NEU')]"
"[(9, 17, 'NEU'), (94, 99, 'NEG')]","[(9, 17, 'NEU'), (94, 99, 'NEG')]"
"[(38, 43, 'NEU'), (54, 59, 'NEG')]","[(38, 43, 'NEU'), (54, 59, 'NEG'), (66, 72, 'NEU')]"
"[(122, 132, 'NEU'), (7, 12, 'NEU'), (69, 76, 'NEG')]","[(7, 12, 'NEU'), (122, 132, 'NEG')]"
"[(43, 47, 'NEG'), (9, 15, 'NEG')]","[(9, 15, 'POS'), (78, 82, 'NEU')]"
"[(54, 56, 'NEU'), (81, 84, 'POS'), (65, 68, 'NEU')]","[(54, 56, 'NEG'), (81, 84, 'NEU')]"
"[(51, 57, 'NEG'), (32, 36, 'NEU')]","[(32, 36, 'NEU'), (51, 57, 'NEG')]"
"[(26, 31, 'NEU'), (61, 73, 'POS'), (33, 38, 'NEU')]","[(26, 31, 'NEU'), (50, 54, 'NEU'), (61, 73, 'POS')]"
"[(236, 243, 'NEU'), (101, 107, 'NEU')]","[(97, 107, 'POS'), (156, 167, 'NEU')]"
"[(77, 88, 'POS'), (85, 88, 'NEU')]","[(16, 20, 'NEU'), (30, 40, 'NEU'), (77, 88, 'NEG')]"
"[(51, 54, 'NEU'), (25, 29, 'POS')]","[(25, 29, 'NEU'), (51, 54, 'POS')]"
"[(132, 140, 'NEU'), (4, 7, 'POS')]","[(4, 7, 'POS'), (30, 38, 'POS'), (132, 140, 'NEU')]"
"[(72, 81, 'NEU'), (72, 81, 'NEG'), (28, 33, 'NEU')]","[(28, 33, 'NEU'), (72, 81, 'NEG')]"
"[(116, 132, 'NEU'), (85, 100, 'NEG'), (12, 16, 'NEU')]","[(59, 63, 'POS'), (93, 100, 'POS'), (116, 132, 'NEU')]"
"[(61, 66, 'NEG'), (44, 51, 'NEU')]","[(44, 51, 'NEU'), (61, 66, 'NEG'), (97, 102, 'NEU')]"
"[(8, 11, 'NEU'), (43, 54, 'NEG')]","[(8, 11, 'POS'), (43, 54, 'NEU')]"
"[(150, 153, 'NEU'), (29, 35, 'NEG'), (113, 117, 'NEU')]","[(29, 35, 'NEG'), (73, 78, 'NEG'), (113, 117, 'NEU'), (150, 153, 'NEU')]"
"[(67, 71, 'NEU')]","[(67, 71, 'NEU'), (77, 82, 'NEG')]"
"[(38, 41, 'NEU'), (47, 53, 'POS'), (38, 41, 'POS')]","[(15, 20, 'NEU'), (47, 53, 'POS')]"
"[(29, 35, 'POS'), (15, 23, 'POS'), (139, 153, 'POS')]","[(5, 23, 'NEU'), (29, 35, 'POS'), (70, 112, 'POS')]"
"[(4, 9, 'NEG'), (111, 117, 'NEU'), (27, 30, 'NEU')]","[(4, 9, 'NEG'), (27, 30, 'NEU'), (111, 117, 'NEU')]"
"[(28, 33, 'NEG'), (64, 67, 'NEG')]","[(0, 5, 'NEG'), (28, 33, 'NEG'), (64, 74, 'NEU')]"
"[(143, 149, 'NEG'), (82, 88, 'NEG')]","[(82, 88, 'NEU'), (118, 121, 'NEG'), (143, 149, 'NEU')]"
"[(65, 67, 'NEU'), (12, 17, 'POS')]","[(65, 67, 'NEU'), (84, 94, 'NEU'), (131, 134, 'POS')]"
"[(37, 42, 'POS'), (145, 153, 'NEG')]","[(4, 9, 'POS'), (37, 42, 'NEG'), (145, 153, 'NEG')]"
"[(49, 54, 'NEU'), (71, 82, 'NEG')]","[(49, 54, 'NEG'), (71, 82, 'NEU')]"
"[(4, 7, 'NEU'), (26, 34, 'POS')]","[(4, 7, 'NEG'), (26, 34, 'NEG'), (72, 76, 'NEU'), (117, 121, 'NEU')]"
"[(100, 111, 'NEU')]","[(68, 75, 'NEG'), (100, 111, 'NEU'), (135, 137, 'NEG')]"
"[(62, 66, 'NEU'), (4, 8, 'NEG'), (49, 52, 'NEU')]","[(4, 8, 'NEG'), (49, 52, 'NEU'), (92, 97, 'NEU')]"
"[(8, 18, 'NEU')]","[(8, 18, 'NEU'), (32, 38, 'NEG')]"
"[(83, 99, 'NEU'), (36, 44, 'NEU'), (4, 9, 'NEU')]","[(4, 16, 'POS'), (36, 44, 'NEU')]"
"[(4, 9, 'NEG'), (139, 150, 'NEU')]","[(4, 9, 'NEG'), (77, 81, 'NEU'), (139, 150, 'NEU')]"
"[(236, 242, 'NEU'), (93, 97, 'NEU')]","[(17, 32, 'NEU'), (17, 22, 'POS')]"
"[(121, 130, 'NEG'), (35, 45, 'NEU')]","[(35, 45, 'NEU'), (121, 130, 'NEG')]"
"[(24, 34, 'NEU'), (9, 15, 'NEG')]","[(9, 15, 'NEG'), (24, 34, 'NEU'), (47, 61, 'NEU')]"
"[(121, 130, 'POS'), (4, 8, 'NEU')]","[(4, 8, 'NEU'), (58, 62, 'POS')]"
"[(23, 28, 'NEU'), (79, 83, 'NEG')]","[(23, 28, 'NEU'), (105, 111, 'NEG'), (141, 150, 'NEG')]"
"[(4, 9, 'NEG'), (173, 185, 'NEU')]","[(4, 9, 'NEU'), (29, 39, 'NEU'), (114, 117, 'NEU'), (169, 185, 'POS')]"
[],"[(20, 42, 'POS'), (50, 56, 'NEU'), (106, 110, 'NEU')]"
"[(27, 31, 'NEG'), (122, 125, 'NEG'), (4, 10, 'POS')]","[(4, 10, 'POS'), (90, 96, 'POS'), (122, 125, 'NEU')]"
"[(8, 11, 'NEG'), (20, 24, 'NEU')]","[(8, 11, 'NEU'), (20, 24, 'NEG')]"
"[(117, 120, 'NEU'), (28, 33, 'NEU')]","[(28, 33, 'NEU'), (77, 82, 'POS'), (117, 120, 'NEU')]"
"[(34, 52, 'NEU'), (54, 84, 'POS')]","[(34, 52, 'NEU'), (54, 84, 'NEU'), (114, 118, 'NEU'), (130, 159, 'POS')]"
"[(23, 26, 'NEU'), (30, 35, 'NEG')]","[(23, 26, 'NEU'), (30, 35, 'NEG')]"
"[(101, 107, 'NEG'), (5, 9, 'POS')]","[(35, 40, 'POS'), (101, 107, 'NEG')]"
"[(125, 131, 'NEG'), (66, 74, 'NEU')]","[(33, 68, 'NEG'), (125, 131, 'NEU')]"
"[(120, 129, 'NEG'), (93, 99, 'NEU')]","[(38, 41, 'NEU'), (79, 82, 'NEU'), (93, 99, 'POS')]"
"[(12, 15, 'NEU'), (70, 75, 'NEU'), (43, 51, 'POS'), (58, 61, 'NEU')]","[(12, 15, 'POS'), (34, 36, 'NEU'), (53, 61, 'NEU')]"
"[(141, 145, 'NEG'), (106, 112, 'NEG'), (160, 173, 'NEU')]","[(38, 43, 'NEU'), (106, 112, 'NEG'), (160, 173, 'NEU')]"
"[(78, 83, 'NEU'), (28, 37, 'NEG'), (68, 72, 'NEU')]","[(28, 37, 'NEG'), (68, 72, 'NEU'), (78, 83, 'NEU')]"
"[(0, 3, 'NEG'), (51, 61, 'NEG'), (51, 61, 'NEU')]","[(20, 28, 'POS'), (51, 61, 'NEU')]"
"[(9, 12, 'POS'), (79, 86, 'NEG')]","[(9, 12, 'POS'), (79, 86, 'NEG')]"
"[(69, 71, 'NEU'), (91, 95, 'POS')]","[(18, 23, 'NEU'), (43, 47, 'NEU'), (69, 71, 'NEU'), (91, 95, 'POS')]"
"[(51, 54, 'POS'), (21, 26, 'NEU')]","[(21, 26, 'NEU'), (51, 54, 'POS')]"
"[(46, 51, 'NEG')]","[(46, 65, 'NEU'), (98, 104, 'POS'), (153, 164, 'POS')]"
"[(119, 122, 'NEU'), (4, 10, 'POS')]","[(4, 10, 'POS'), (119, 122, 'NEU')]"
"[(153, 156, 'NEU'), (28, 33, 'POS'), (227, 231, 'POS')]","[(28, 33, 'POS'), (119, 124, 'NEU'), (153, 156, 'NEU')]"
"[(83, 86, 'POS'), (58, 62, 'NEU')]","[(58, 62, 'NEU'), (68, 73, 'NEU'), (83, 86, 'POS')]"
"[(0, 6, 'NEG'), (73, 79, 'NEG'), (117, 121, 'NEU')]","[(0, 6, 'POS'), (73, 79, 'NEU')]"
"[(59, 62, 'NEU'), (4, 10, 'POS')]","[(4, 10, 'POS'), (25, 28, 'NEU'), (59, 62, 'POS')]"
"[(13, 23, 'NEG'), (13, 23, 'NEU'), (72, 77, 'NEU')]","[(58, 62, 'NEU'), (72, 77, 'NEG'), (91, 100, 'NEG')]"
"[(113, 115, 'NEU'), (0, 6, 'POS')]","[(0, 6, 'NEG'), (113, 115, 'NEU'), (126, 130, 'NEU'), (147, 161, 'NEU')]"
"[(4, 8, 'POS'), (63, 67, 'NEU'), (36, 47, 'POS')]","[(24, 29, 'POS'), (36, 39, 'POS'), (63, 67, 'NEU')]"
"[(71, 73, 'POS'), (12, 22, 'NEU'), (121, 124, 'NEG')]","[(71, 73, 'NEU'), (137, 143, 'POS')]"
"[(0, 6, 'POS')]","[(0, 14, 'POS'), (38, 42, 'NEU')]"
"[(4, 8, 'POS'), (34, 37, 'NEU'), (190, 196, 'NEU')]","[(34, 37, 'NEU'), (68, 73, 'POS')]"
"[(0, 4, 'POS'), (44, 50, 'POS'), (21, 28, 'POS')]","[(0, 4, 'POS'), (21, 28, 'NEG')]"
"[(0, 4, 'POS'), (52, 62, 'NEU'), (78, 82, 'NEU')]","[(0, 4, 'POS'), (42, 50, 'NEU'), (52, 62, 'NEU'), (78, 82, 'NEU')]"
"[(101, 107, 'POS'), (21, 27, 'NEG')]","[(21, 27, 'NEU'), (101, 107, 'POS')]"
"[(29, 32, 'NEU'), (65, 72, 'POS')]","[(29, 32, 'NEU'), (45, 54, 'NEU'), (65, 72, 'NEG'), (85, 88, 'POS')]"
"[(4, 9, 'NEG'), (75, 79, 'NEU')]","[(4, 9, 'NEG'), (75, 79, 'NEU')]"
"[(183, 186, 'POS'), (7, 17, 'NEU')]","[(7, 17, 'NEU'), (65, 70, 'NEG'), (123, 126, 'POS'), (183, 186, 'NEU')]"
"[(8, 25, 'NEU')]","[(8, 25, 'POS'), (34, 43, 'POS'), (73, 77, 'NEU')]"
"[(32, 37, 'POS')]","[(32, 37, 'NEU'), (89, 94, 'NEG')]"
"[(39, 44, 'NEG'), (4, 7, 'POS')]","[(4, 7, 'POS'), (22, 30, 'NEG')]"
"[(55, 58, 'NEU')]","[(23, 27, 'NEU'), (43, 50, 'POS'), (55, 58, 'POS')]"
"[(206, 209, 'NEU'), (131, 134, 'NEG')]","[(49, 55, 'NEU'), (63, 65, 'NEU'), (131, 134, 'NEU'), (206, 209, 'NEG')]"
"[(13, 18, 'NEU')]","[(13, 18, 'NEU'), (97, 100, 'POS')]"
[],"[(34, 45, 'POS'), (52, 69, 'NEU')]"
"[(81, 85, 'NEU'), (4, 26, 'POS')]","[(4, 26, 'POS'), (57, 67, 'NEU'), (81, 85, 'NEU')]"
"[(4, 8, 'NEG'), (41, 44, 'NEU')]","[(4, 8, 'POS'), (51, 56, 'NEU')]"
"[(154, 160, 'NEG')]","[(0, 10, 'NEU'), (54, 67, 'NEU'), (154, 160, 'POS')]"
"[(135, 141, 'NEU'), (0, 2, 'NEG')]","[(33, 37, 'NEG'), (65, 68, 'NEU'), (107, 111, 'POS')]"
"[(20, 26, 'NEG'), (49, 53, 'NEG'), (49, 53, 'POS')]","[(20, 26, 'NEU'), (49, 53, 'NEG')]"
"[(173, 177, 'NEU'), (4, 7, 'POS'), (189, 195, 'NEU'), (220, 223, 'NEG'), (66, 68, 'NEG')]","[(66, 68, 'NEU'), (45, 55, 'NEG'), (201, 204, 'NEU')]"
"[(24, 29, 'NEG'), (107, 111, 'NEU')]","[(35, 42, 'NEG'), (107, 111, 'NEU')]"
"[(178, 183, 'NEU')]","[(7, 18, 'POS'), (76, 80, 'POS'), (178, 183, 'NEU')]"
"[(58, 61, 'POS'), (4, 11, 'NEG')]","[(4, 11, 'NEG'), (58, 61, 'POS')]"
"[(85, 90, 'NEG'), (53, 57, 'NEU')]","[(53, 57, 'NEU'), (85, 90, 'NEG')]"
"[(21, 32, 'NEU'), (144, 150, 'POS')]","[(4, 7, 'NEU'), (21, 32, 'POS'), (76, 80, 'POS'), (144, 150, 'POS')]"
"[(173, 182, 'POS'), (82, 86, 'NEU'), (105, 109, 'POS')]","[(105, 109, 'POS'), (119, 124, 'NEU')]"
"[(216, 238, 'NEG'), (47, 56, 'POS'), (132, 134, 'NEG')]","[(0, 9, 'NEG'), (47, 56, 'NEG'), (84, 97, 'NEU')]"
"[(44, 53, 'POS'), (72, 86, 'POS')]","[(13, 19, 'NEU'), (44, 53, 'POS'), (72, 86, 'POS'), (130, 133, 'POS')]"
"[(102, 105, 'NEG')]","[(22, 26, 'NEU'), (43, 47, 'NEG'), (102, 105, 'NEG'), (114, 116, 'NEU')]"
"[(10, 13, 'NEU'), (18, 24, 'NEG'), (48, 51, 'NEU')]","[(10, 13, 'NEU'), (18, 24, 'POS')]"
"[(68, 71, 'NEU'), (54, 57, 'POS')]","[(54, 57, 'POS'), (68, 71, 'NEU')]"
"[(87, 90, 'NEU'), (171, 172, 'POS')]","[(87, 90, 'NEU'), (124, 129, 'NEG')]"
"[(175, 180, 'POS'), (51, 62, 'NEU'), (22, 30, 'NEU')]","[(22, 30, 'NEU'), (51, 62, 'POS'), (71, 77, 'POS'), (90, 95, 'POS'), (101, 118, 'POS'), (175, 180, 'POS')]"
"[(4, 8, 'POS'), (33, 38, 'POS')]","[(4, 8, 'POS'), (33, 38, 'NEU')]"
"[(92, 96, 'NEG'), (32, 34, 'NEG')]","[(32, 34, 'NEU'), (50, 54, 'NEU'), (92, 96, 'NEG')]"
"[(54, 60, 'NEG'), (32, 36, 'NEU')]","[(32, 36, 'NEU'), (54, 60, 'NEG')]"
"[(26, 32, 'NEG'), (51, 58, 'POS')]","[(26, 32, 'NEG'), (42, 45, 'POS'), (51, 58, 'POS'), (82, 85, 'POS')]"
"[(32, 36, 'NEU')]","[(11, 17, 'POS'), (19, 22, 'POS'), (32, 36, 'POS'), (46, 51, 'NEG'), (57, 60, 'NEG')]"
"[(37, 42, 'POS'), (0, 5, 'POS')]","[(0, 5, 'NEU'), (52, 58, 'NEG')]"
"[(77, 83, 'NEG')]","[(54, 62, 'NEU'), (77, 83, 'POS'), (94, 100, 'POS')]"
"[(104, 108, 'POS'), (46, 51, 'POS'), (6, 11, 'NEU')]","[(46, 51, 'POS'), (71, 83, 'NEG'), (104, 108, 'NEU')]"
"[(111, 116, 'POS'), (111, 116, 'NEU'), (215, 220, 'NEU'), (136, 140, 'POS'), (206, 220, 'NEU'), (164, 167, 'NEU'), (39, 41, 'NEU')]","[(34, 41, 'POS'), (111, 116, 'NEU'), (122, 140, 'NEU'), (161, 173, 'NEU')]"
"[(4, 9, 'NEG'), (67, 71, 'NEU'), (84, 96, 'NEU')]","[(4, 9, 'NEG'), (67, 71, 'NEU'), (84, 90, 'NEU')]"
"[(127, 137, 'POS'), (63, 66, 'NEU')]","[(63, 66, 'NEU'), (94, 96, 'POS'), (106, 109, 'POS')]"
"[(17, 24, 'NEU'), (17, 24, 'NEG'), (85, 89, 'NEU'), (56, 68, 'NEU')]","[(17, 24, 'NEG'), (56, 68, 'NEU'), (85, 89, 'NEU')]"
"[(140, 144, 'NEU'), (4, 7, 'POS')]","[(13, 35, 'NEU'), (66, 75, 'POS'), (105, 122, 'NEU')]"
"[(47, 61, 'POS'), (12, 16, 'NEU')]","[(12, 16, 'NEG'), (54, 61, 'POS')]"
"[(31, 36, 'NEU'), (4, 8, 'NEG'), (59, 61, 'NEU')]","[(4, 8, 'POS'), (31, 36, 'NEU'), (59, 61, 'NEU')]"
"[(82, 87, 'POS'), (68, 76, 'NEU')]","[(19, 25, 'NEU'), (82, 87, 'POS'), (93, 98, 'POS')]"
[],"[(96, 103, 'POS'), (141, 143, 'NEG')]"
"[(45, 48, 'NEU'), (4, 8, 'NEG'), (131, 141, 'NEU')]","[(4, 8, 'NEG'), (45, 48, 'NEU'), (59, 63, 'NEU'), (131, 141, 'NEU')]"
"[(119, 122, 'NEU'), (4, 9, 'POS')]","[(4, 9, 'NEG'), (119, 122, 'NEU')]"
"[(65, 74, 'POS'), (28, 34, 'NEU')]","[(28, 34, 'POS'), (65, 74, 'NEU')]"
"[(4, 8, 'POS')]","[(70, 77, 'POS'), (92, 104, 'NEU')]"
"[(78, 81, 'NEU'), (35, 38, 'NEG')]","[(35, 38, 'NEU'), (78, 81, 'POS')]"
"[(0, 6, 'NEG'), (58, 62, 'NEU')]","[(0, 6, 'NEG'), (58, 71, 'NEU')]"
"[(154, 158, 'POS'), (129, 133, 'NEU'), (101, 110, 'POS'), (129, 133, 'POS'), (10, 26, 'NEU')]","[(101, 110, 'NEU'), (154, 158, 'POS')]"
"[(19, 32, 'POS'), (55, 58, 'NEU'), (79, 96, 'POS')]","[(9, 32, 'NEU'), (55, 58, 'NEU'), (86, 96, 'POS'), (126, 137, 'NEU'), (169, 172, 'NEU')]"
"[(63, 70, 'POS'), (16, 20, 'NEU')]","[(16, 20, 'NEU'), (37, 45, 'NEU'), (63, 70, 'POS')]"
"[(68, 73, 'NEG'), (47, 57, 'NEU')]","[(47, 57, 'NEU'), (68, 73, 'NEG')]"
"[(67, 75, 'NEU'), (47, 51, 'NEU')]","[(27, 36, 'NEU'), (42, 51, 'NEU'), (67, 75, 'POS')]"
"[(4, 10, 'NEG'), (73, 77, 'NEG'), (97, 100, 'NEG')]","[(4, 10, 'NEG'), (97, 100, 'NEU')]"
"[(10, 13, 'NEU'), (102, 107, 'NEU')]","[(10, 13, 'NEU'), (71, 76, 'POS')]"
"[(4, 10, 'NEG'), (45, 58, 'NEU')]","[(4, 10, 'NEG'), (45, 49, 'NEU'), (54, 58, 'NEU')]"
"[(48, 51, 'NEU'), (4, 9, 'NEG'), (108, 113, 'NEU')]","[(4, 9, 'NEG'), (48, 51, 'NEU'), (57, 65, 'NEU'), (99, 102, 'NEU'), (108, 113, 'NEU')]"
"[(9, 14, 'NEG'), (95, 99, 'NEG')]","[(9, 14, 'POS'), (42, 45, 'NEU'), (54, 58, 'NEU')]"
"[(25, 34, 'NEU'), (13, 16, 'NEG')]","[(13, 16, 'NEU'), (25, 34, 'POS')]"
"[(84, 90, 'NEG'), (75, 78, 'NEU')]","[(43, 46, 'NEG'), (75, 78, 'POS'), (84, 90, 'POS')]"
"[(86, 89, 'NEG'), (107, 117, 'NEU')]","[(3, 9, 'NEG'), (59, 64, 'NEG'), (86, 89, 'NEU'), (159, 164, 'NEU')]"
"[(77, 83, 'NEG'), (60, 64, 'NEU')]","[(60, 64, 'NEU'), (77, 83, 'NEG')]"
"[(140, 156, 'POS'), (13, 16, 'NEU'), (219, 224, 'POS'), (130, 156, 'POS'), (196, 217, 'NEU')]","[(13, 16, 'NEU'), (61, 70, 'POS'), (76, 85, 'POS')]"
"[(46, 51, 'NEU'), (14, 23, 'POS')]","[(14, 23, 'POS'), (46, 51, 'NEG')]"
"[(119, 125, 'NEG'), (22, 26, 'NEU')]","[(22, 26, 'NEU'), (42, 45, 'POS'), (75, 112, 'NEU')]"
[],"[(65, 69, 'POS'), (93, 98, 'NEG'), (121, 126, 'NEG')]"
"[(40, 44, 'POS'), (52, 56, 'NEU')]","[(31, 44, 'POS'), (52, 56, 'NEU')]"
"[(4, 7, 'NEU'), (57, 60, 'NEU'), (66, 70, 'NEG')]","[(4, 7, 'NEU'), (57, 60, 'NEU'), (66, 70, 'NEG')]"
"[(4, 8, 'NEG'), (59, 62, 'NEU')]","[(4, 8, 'NEG'), (34, 38, 'NEU'), (59, 62, 'NEU')]"
"[(57, 64, 'NEU'), (51, 64, 'NEU')]","[(16, 25, 'POS'), (27, 41, 'POS'), (51, 64, 'POS'), (80, 97, 'NEU')]"
"[(194, 198, 'NEU'), (53, 56, 'NEU')]","[(16, 20, 'NEG'), (53, 56, 'NEU'), (150, 153, 'NEU')]"
"[(56, 59, 'NEU'), (86, 91, 'NEU'), (160, 166, 'NEG'), (93, 98, 'NEU')]","[(56, 59, 'NEU'), (86, 98, 'NEU'), (107, 115, 'NEU'), (160, 166, 'POS')]"
"[(36, 42, 'NEG'), (4, 8, 'NEG')]","[(4, 8, 'POS'), (36, 42, 'NEU')]"
"[(4, 7, 'NEU'), (104, 109, 'NEU')]","[(32, 48, 'NEU'), (80, 84, 'POS')]"
"[(4, 8, 'POS'), (68, 74, 'NEG'), (81, 91, 'NEU')]","[(68, 74, 'POS'), (81, 91, 'NEU')]"
"[(157, 165, 'POS'), (247, 255, 'NEG'), (28, 32, 'NEU')]","[(28, 32, 'NEU'), (50, 59, 'POS'), (113, 118, 'NEU'), (232, 237, 'NEU'), (247, 255, 'NEU')]"
"[(22, 26, 'NEG'), (149, 152, 'NEG')]","[(22, 26, 'NEG'), (56, 60, 'NEU'), (149, 152, 'NEG')]"
"[(58, 64, 'NEG'), (73, 79, 'NEG'), (29, 42, 'NEU')]","[(29, 42, 'NEU'), (58, 64, 'NEG'), (73, 79, 'NEG')]"
"[(22, 26, 'NEG'), (48, 51, 'NEU')]","[(22, 26, 'NEG'), (48, 51, 'NEU'), (78, 81, 'NEU')]"
"[(61, 64, 'NEU'), (17, 21, 'NEU'), (61, 64, 'NEG')]","[(17, 21, 'NEU'), (61, 64, 'NEG')]"
"[(18, 23, 'NEU'), (67, 72, 'NEG')]","[(18, 23, 'NEU'), (25, 29, 'NEU'), (67, 72, 'NEG')]"
"[(93, 101, 'NEU'), (134, 139, 'NEU'), (134, 139, 'POS'), (11, 15, 'POS')]","[(30, 36, 'POS'), (93, 101, 'NEU')]"
"[(4, 7, 'NEU'), (30, 35, 'POS'), (106, 112, 'NEU')]","[(4, 7, 'POS'), (30, 35, 'POS'), (106, 112, 'NEU')]"
"[(132, 135, 'NEU'), (23, 28, 'POS')]","[(23, 28, 'POS'), (132, 135, 'NEU')]"
"[(30, 35, 'NEU'), (30, 35, 'NEG')]","[(18, 20, 'NEU'), (30, 35, 'NEG')]"
"[(75, 78, 'POS'), (24, 36, 'NEU')]","[(24, 36, 'NEU'), (75, 78, 'POS')]"
"[(168, 171, 'NEU'), (46, 56, 'POS')]","[(24, 29, 'NEU'), (116, 120, 'NEU'), (168, 171, 'POS')]"
"[(119, 123, 'NEU'), (72, 79, 'NEU'), (39, 42, 'NEU'), (18, 23, 'NEG')]","[(18, 23, 'NEG'), (58, 62, 'NEU'), (107, 110, 'NEU')]"
"[(13, 17, 'NEU'), (86, 92, 'POS')]","[(86, 92, 'POS'), (189, 191, 'NEG')]"
"[(126, 139, 'NEG'), (171, 177, 'NEU'), (77, 81, 'NEU')]","[(3, 14, 'NEU'), (38, 44, 'NEU'), (77, 81, 'POS'), (126, 139, 'POS')]"
"[(41, 56, 'NEU'), (22, 27, 'NEU'), (62, 66, 'POS')]","[(22, 27, 'POS'), (62, 66, 'NEU')]"
"[(4, 10, 'NEG'), (69, 71, 'NEU')]","[(4, 10, 'NEG'), (32, 38, 'NEG'), (69, 71, 'NEU')]"
"[(4, 14, 'NEU'), (88, 94, 'NEU')]","[(57, 63, 'NEG'), (88, 94, 'NEU')]"
"[(107, 114, 'NEG'), (37, 40, 'NEU'), (57, 61, 'NEU')]","[(37, 40, 'NEU'), (57, 61, 'NEU'), (107, 114, 'NEG')]"
"[(109, 113, 'NEU'), (103, 107, 'NEU'), (4, 11, 'NEG')]","[(4, 11, 'NEG'), (103, 113, 'NEU')]"
"[(7, 10, 'POS'), (239, 251, 'POS')]","[(239, 245, 'NEU'), (266, 269, 'POS')]"
"[(43, 48, 'NEU'), (105, 108, 'NEG')]","[(43, 48, 'NEU'), (105, 108, 'POS')]"
"[(102, 106, 'NEU'), (73, 76, 'NEU'), (4, 11, 'NEG')]","[(4, 11, 'NEG'), (95, 106, 'NEU'), (169, 172, 'NEU')]"
"[(86, 89, 'NEU'), (155, 161, 'POS')]","[(45, 52, 'NEG'), (81, 89, 'NEU')]"
"[(10, 15, 'NEU'), (10, 15, 'NEG')]","[(10, 15, 'POS'), (94, 97, 'NEU')]"
"[(0, 6, 'NEG'), (115, 120, 'NEU'), (96, 101, 'NEU')]","[(0, 6, 'NEG'), (88, 101, 'NEU'), (115, 120, 'NEU')]"
"[(68, 79, 'NEU'), (68, 79, 'POS')]","[(11, 19, 'POS'), (36, 62, 'POS'), (68, 79, 'NEU')]"
"[(102, 108, 'NEG'), (9, 19, 'NEU')]","[(9, 19, 'NEU'), (102, 108, 'POS')]"
"[(71, 94, 'NEU')]","[(18, 21, 'NEU'), (45, 53, 'NEU'), (71, 109, 'POS')]"
"[(61, 65, 'POS')]","[(8, 17, 'NEU'), (61, 65, 'POS'), (82, 92, 'POS')]"
"[(144, 147, 'NEU'), (97, 101, 'NEG')]","[(97, 101, 'NEG'), (144, 147, 'NEU')]"
"[(94, 110, 'POS'), (4, 21, 'POS'), (70, 80, 'POS'), (106, 110, 'POS')]","[(4, 21, 'POS'), (70, 80, 'NEU'), (94, 110, 'NEU')]"
"[(65, 70, 'NEG'), (4, 10, 'NEG'), (100, 108, 'NEU')]","[(19, 23, 'NEG'), (65, 70, 'NEG'), (100, 108, 'NEU')]"
[],"[(43, 47, 'POS'), (59, 62, 'POS'), (67, 71, 'NEU')]"
"[(70, 75, 'NEU'), (4, 10, 'NEG')]","[(4, 10, 'POS'), (70, 75, 'NEG')]"
"[(67, 74, 'NEG'), (4, 7, 'POS')]","[(4, 7, 'POS'), (50, 56, 'NEG')]"
"[(92, 109, 'POS'), (214, 236, 'NEU'), (128, 132, 'NEU')]","[(77, 83, 'POS'), (92, 109, 'NEU'), (149, 160, 'POS'), (232, 236, 'POS')]"
"[(102, 107, 'NEU'), (78, 84, 'NEU'), (92, 96, 'NEU')]","[(78, 84, 'POS'), (102, 107, 'NEU')]"
"[(142, 150, 'POS'), (215, 218, 'POS'), (28, 33, 'NEU'), (215, 218, 'NEG')]","[(28, 33, 'NEU'), (83, 86, 'POS'), (215, 225, 'POS')]"
"[(26, 37, 'NEG'), (11, 16, 'NEG'), (86, 103, 'NEU')]","[(11, 16, 'NEU'), (26, 30, 'NEG')]"
"[(69, 75, 'POS')]","[(58, 63, 'NEU'), (69, 75, 'POS')]"
"[(221, 224, 'NEU')]","[(149, 152, 'NEG'), (178, 183, 'NEU'), (221, 224, 'NEU')]"
"[(43, 46, 'POS'), (64, 68, 'NEU')]","[(43, 46, 'POS'), (52, 58, 'POS'), (64, 68, 'NEU')]"
"[(83, 86, 'NEU'), (4, 11, 'NEG')]","[(4, 11, 'NEG'), (53, 57, 'NEU'), (83, 86, 'NEU')]"
"[(79, 85, 'NEG'), (59, 69, 'NEU')]","[(59, 69, 'NEU'), (79, 85, 'NEG'), (95, 108, 'NEG')]"
"[(67, 72, 'POS'), (38, 45, 'POS'), (38, 45, 'NEU')]","[(38, 45, 'NEU'), (60, 72, 'POS')]"
"[(86, 100, 'NEU'), (49, 53, 'NEU')]","[(49, 53, 'NEU'), (86, 94, 'NEG')]"
"[(95, 98, 'POS'), (21, 26, 'NEU'), (129, 143, 'NEU')]","[(21, 26, 'NEU'), (95, 98, 'POS')]"
"[(4, 11, 'POS'), (62, 76, 'NEU')]","[(4, 11, 'NEG'), (62, 76, 'NEU')]"
"[(4, 9, 'NEG'), (53, 57, 'NEU')]","[(4, 9, 'POS'), (53, 57, 'NEU')]"
"[(4, 10, 'NEG'), (43, 49, 'NEU'), (97, 100, 'NEU')]","[(4, 10, 'NEG'), (43, 49, 'POS')]"
"[(87, 90, 'NEU'), (4, 9, 'POS')]","[(4, 9, 'NEG'), (46, 49, 'NEU'), (87, 90, 'NEU')]"
"[(8, 18, 'NEU'), (40, 42, 'POS')]","[(8, 18, 'NEU'), (40, 42, 'POS')]"
"[(44, 47, 'NEU'), (11, 19, 'POS')]","[(11, 19, 'NEG'), (44, 47, 'NEU')]"
"[(40, 45, 'NEG')]","[(40, 45, 'NEG'), (69, 83, 'NEU')]"
"[(64, 67, 'NEG'), (7, 17, 'NEU')]","[(7, 17, 'NEU'), (45, 51, 'NEG'), (64, 67, 'NEG')]"
"[(4, 12, 'POS'), (146, 150, 'NEU'), (169, 175, 'POS'), (156, 163, 'NEG'), (169, 175, 'NEG')]","[(117, 121, 'NEU'), (146, 150, 'NEU'), (156, 163, 'POS'), (169, 175, 'POS')]"
"[(96, 101, 'NEG')]","[(96, 101, 'NEG'), (134, 137, 'NEU')]"
"[(55, 65, 'NEU'), (4, 11, 'NEG')]","[(4, 11, 'NEG'), (30, 32, 'NEU'), (79, 83, 'NEG')]"
"[(60, 66, 'POS'), (23, 27, 'POS')]","[(23, 27, 'POS'), (60, 66, 'NEG')]"
"[(128, 133, 'POS'), (21, 27, 'NEU')]","[(21, 27, 'NEU'), (128, 133, 'NEG'), (175, 179, 'NEG')]"
"[(66, 72, 'NEG'), (21, 31, 'NEU')]","[(21, 31, 'NEU'), (77, 80, 'POS')]"
"[(32, 35, 'NEU'), (32, 35, 'POS')]","[(8, 18, 'NEU'), (32, 44, 'POS')]"
"[(33, 37, 'NEG')]","[(33, 37, 'NEU'), (99, 105, 'NEG')]"
"[(19, 24, 'NEU'), (10, 14, 'NEU'), (72, 75, 'POS')]","[(19, 24, 'NEU'), (52, 55, 'POS')]"
"[(75, 80, 'NEU'), (15, 19, 'POS')]","[(15, 19, 'POS'), (75, 80, 'NEU'), (100, 104, 'NEU')]"
"[(168, 173, 'NEG'), (89, 93, 'NEU')]","[(89, 93, 'NEU'), (168, 173, 'NEG')]"
"[(4, 10, 'NEG'), (71, 74, 'NEU')]","[(4, 10, 'NEU'), (71, 74, 'NEG')]"
"[(12, 17, 'NEG'), (126, 130, 'NEU'), (149, 151, 'NEU')]","[(12, 17, 'NEG'), (126, 130, 'NEU'), (149, 151, 'NEU'), (193, 197, 'NEU')]"
"[(80, 83, 'NEU'), (4, 11, 'POS'), (113, 117, 'NEU')]","[(4, 11, 'POS'), (80, 83, 'NEU')]"
"[(120, 126, 'NEG'), (16, 21, 'NEU')]","[(16, 21, 'NEU'), (120, 126, 'NEG')]"
"[(16, 18, 'NEU'), (49, 52, 'POS')]","[(16, 18, 'NEU'), (49, 52, 'POS')]"
"[(145, 153, 'NEU'), (52, 59, 'NEG')]","[(52, 59, 'NEG'), (109, 112, 'NEU'), (145, 153, 'NEU')]"
"[(4, 9, 'NEG'), (137, 140, 'NEU')]","[(4, 9, 'NEG'), (49, 53, 'NEU'), (90, 96, 'NEG'), (137, 140, 'NEU')]"
"[(21, 25, 'NEG'), (5, 9, 'POS')]","[(5, 9, 'POS'), (21, 25, 'NEG')]"
"[(36, 40, 'POS'), (107, 110, 'POS')]","[(36, 40, 'NEG'), (69, 78, 'POS'), (107, 110, 'POS')]"
"[(81, 84, 'NEU')]","[(4, 8, 'NEG'), (81, 84, 'POS')]"
"[(38, 42, 'POS'), (103, 106, 'NEU')]","[(38, 42, 'POS'), (103, 106, 'NEU')]"
"[(89, 93, 'POS')]","[(16, 19, 'POS'), (89, 93, 'NEU'), (134, 137, 'POS')]"
"[(4, 8, 'POS'), (74, 81, 'NEG')]","[(4, 8, 'POS'), (38, 48, 'NEG'), (74, 81, 'NEG')]"
"[(4, 7, 'NEU'), (13, 16, 'NEU'), (85, 90, 'POS')]","[(4, 7, 'NEU'), (33, 37, 'POS'), (71, 79, 'POS')]"
"[(65, 69, 'NEU'), (4, 9, 'POS')]","[(4, 9, 'NEG'), (65, 69, 'NEU')]"
"[(10, 13, 'NEU'), (38, 45, 'NEG')]","[(10, 13, 'NEU'), (38, 45, 'POS')]"
"[(138, 144, 'NEG'), (28, 44, 'NEU'), (138, 144, 'POS')]","[(28, 44, 'POS'), (138, 144, 'POS'), (154, 168, 'NEU')]"
"[(27, 40, 'NEU'), (112, 120, 'NEU'), (101, 105, 'NEU'), (69, 73, 'POS')]","[(6, 11, 'NEU'), (69, 73, 'NEG')]"
"[(181, 184, 'NEU')]","[(142, 147, 'NEG'), (181, 184, 'NEU')]"
"[(44, 47, 'NEG'), (76, 81, 'NEU')]","[(44, 47, 'NEG'), (76, 81, 'NEU')]"
"[(40, 45, 'NEG'), (4, 10, 'NEG'), (91, 95, 'NEU'), (125, 133, 'NEG')]","[(40, 45, 'NEG'), (106, 110, 'NEU'), (125, 133, 'NEG')]"
"[(54, 59, 'NEG'), (4, 13, 'NEG')]","[(4, 13, 'NEG'), (40, 44, 'POS'), (54, 59, 'POS')]"
"[(94, 97, 'NEU'), (6, 15, 'POS'), (41, 47, 'NEU'), (25, 31, 'NEU')]","[(41, 47, 'NEU'), (49, 53, 'NEU'), (88, 97, 'POS')]"
"[(4, 7, 'NEU'), (101, 107, 'POS'), (37, 40, 'POS')]","[(4, 7, 'NEU'), (31, 35, 'POS'), (37, 40, 'POS')]"
"[(43, 47, 'NEG'), (65, 71, 'NEG'), (4, 7, 'POS'), (121, 125, 'NEG'), (85, 90, 'NEG')]","[(27, 37, 'NEU'), (43, 47, 'POS'), (85, 90, 'POS'), (121, 125, 'NEG')]"
"[(96, 102, 'NEG'), (30, 38, 'NEU')]","[(30, 38, 'NEU'), (54, 58, 'NEU'), (96, 102, 'NEG')]"
"[(72, 75, 'NEU'), (22, 31, 'NEG')]","[(22, 31, 'NEG'), (72, 75, 'POS')]"
"[(14, 20, 'NEG'), (40, 43, 'POS')]","[(14, 20, 'POS'), (40, 43, 'NEG')]"
"[(156, 159, 'NEU'), (60, 66, 'NEG'), (45, 48, 'NEU'), (4, 7, 'POS')]","[(60, 66, 'NEG'), (89, 97, 'NEU')]"
"[(107, 111, 'NEU'), (41, 49, 'NEG')]","[(28, 31, 'NEU'), (41, 49, 'NEG')]"
"[(51, 56, 'NEU'), (11, 14, 'POS')]","[(11, 14, 'POS'), (51, 56, 'NEU'), (73, 76, 'NEU'), (23, 26, 'NEU'), (86, 90, 'POS')]"
"[(43, 51, 'POS'), (30, 38, 'NEU')]","[(30, 38, 'NEU'), (43, 51, 'NEU'), (63, 75, 'POS')]"
"[(79, 84, 'NEU'), (124, 127, 'NEG'), (104, 110, 'NEU'), (60, 64, 'NEU')]","[(11, 14, 'NEG'), (38, 43, 'NEG'), (51, 55, 'NEU'), (79, 84, 'NEU')]"
"[(20, 23, 'NEU'), (4, 9, 'NEG'), (117, 122, 'NEU')]","[(4, 9, 'NEG'), (20, 23, 'NEU'), (101, 107, 'NEU'), (117, 122, 'NEU')]"
"[(108, 110, 'NEU'), (55, 60, 'NEU')]","[(4, 13, 'POS'), (55, 60, 'NEU'), (76, 80, 'NEU')]"
"[(214, 217, 'NEU'), (106, 112, 'POS'), (161, 167, 'NEU')]","[(80, 87, 'POS'), (106, 112, 'POS'), (126, 133, 'NEU'), (161, 167, 'POS'), (173, 183, 'NEU'), (214, 217, 'POS')]"
"[(14, 19, 'NEU')]","[(14, 19, 'NEU'), (55, 61, 'POS')]"
"[(35, 41, 'NEG'), (19, 24, 'NEU')]","[(19, 24, 'NEU'), (35, 41, 'NEG')]"
"[(77, 81, 'NEU'), (29, 32, 'NEG'), (102, 105, 'NEU'), (83, 96, 'NEU'), (4, 10, 'POS')]","[(4, 10, 'NEG'), (29, 32, 'POS'), (77, 81, 'NEG')]"
"[(73, 79, 'NEG'), (20, 24, 'NEU')]","[(20, 24, 'NEU'), (73, 79, 'NEG')]"
"[(52, 57, 'NEG'), (9, 14, 'NEU')]","[(9, 14, 'NEU'), (34, 42, 'POS'), (52, 57, 'NEG')]"
"[(55, 61, 'NEG'), (15, 27, 'POS')]","[(15, 27, 'NEU'), (55, 61, 'NEG'), (79, 80, 'NEU')]"
"[(82, 86, 'NEU'), (22, 29, 'NEG'), (12, 16, 'NEU')]","[(22, 29, 'NEG'), (82, 86, 'NEU'), (105, 109, 'NEU')]"
"[(115, 118, 'NEU'), (5, 9, 'POS')]","[(16, 22, 'POS'), (96, 103, 'NEU'), (115, 118, 'NEG')]"
"[(94, 98, 'NEG'), (58, 62, 'POS')]","[(58, 62, 'NEG'), (94, 98, 'NEU')]"
"[(4, 9, 'NEG'), (61, 71, 'NEU')]","[(4, 9, 'POS'), (61, 71, 'NEU')]"
"[(64, 81, 'POS'), (4, 13, 'POS')]","[(4, 13, 'POS'), (73, 81, 'NEU')]"
"[(33, 38, 'NEU'), (127, 142, 'POS')]","[(33, 38, 'NEU'), (127, 142, 'POS')]"
"[(26, 33, 'NEU'), (76, 81, 'NEU'), (8, 12, 'NEU')]","[(30, 33, 'POS'), (76, 81, 'NEU')]"
"[(4, 9, 'NEG'), (65, 69, 'NEU')]","[(4, 9, 'NEG'), (52, 56, 'NEU')]"
"[(21, 41, 'POS'), (73, 76, 'NEG')]","[(38, 41, 'POS'), (73, 76, 'NEG')]"
"[(34, 37, 'NEU'), (4, 9, 'NEG')]","[(4, 9, 'NEG'), (34, 37, 'NEU')]"
"[(4, 8, 'POS'), (57, 59, 'NEU')]","[(4, 8, 'NEG'), (44, 48, 'NEU'), (57, 59, 'NEU')]"
[],"[(0, 5, 'NEU'), (61, 67, 'POS')]"
"[(7, 10, 'POS'), (100, 116, 'NEU')]","[(7, 10, 'NEU'), (52, 61, 'POS'), (108, 111, 'POS')]"
"[(68, 72, 'POS'), (156, 161, 'NEG'), (30, 34, 'NEU')]","[(30, 34, 'POS'), (40, 52, 'POS'), (114, 124, 'NEU'), (195, 205, 'NEG')]"
"[(4, 8, 'POS'), (36, 38, 'NEU'), (89, 95, 'POS')]","[(4, 8, 'POS'), (36, 38, 'NEU'), (61, 66, 'NEU')]"
"[(4, 7, 'NEU'), (55, 61, 'POS')]","[(4, 7, 'NEU'), (55, 61, 'POS')]"
"[(90, 93, 'NEU'), (58, 62, 'POS')]","[(58, 62, 'NEU'), (90, 93, 'POS')]"
"[(67, 73, 'NEU'), (36, 41, 'POS')]","[(4, 12, 'NEG'), (36, 41, 'NEU')]"
"[(107, 113, 'NEG'), (4, 7, 'POS')]","[(4, 7, 'POS'), (107, 113, 'NEG')]"
"[(56, 58, 'NEU'), (4, 7, 'NEG'), (28, 34, 'NEU')]","[(4, 7, 'NEU'), (28, 34, 'NEG'), (43, 46, 'NEG')]"
"[(110, 114, 'POS'), (55, 57, 'NEU')]","[(55, 57, 'NEU'), (110, 114, 'NEG')]"
"[(13, 17, 'NEG'), (35, 41, 'NEU')]","[(13, 17, 'POS'), (35, 41, 'NEU')]"
"[(35, 41, 'NEG'), (4, 7, 'POS')]","[(4, 7, 'POS'), (35, 41, 'NEG')]"
"[(53, 56, 'NEU'), (24, 31, 'NEG')]","[(24, 31, 'NEG'), (53, 56, 'NEU'), (163, 173, 'NEU')]"
"[(38, 50, 'NEU'), (79, 85, 'NEU'), (9, 12, 'POS'), (98, 109, 'NEG')]","[(9, 12, 'POS'), (79, 85, 'NEG'), (98, 109, 'NEU')]"
"[(26, 44, 'POS'), (84, 90, 'NEU')]","[(9, 12, 'NEU'), (26, 44, 'POS'), (84, 90, 'POS')]"
"[(130, 133, 'NEU'), (28, 33, 'NEG'), (57, 60, 'NEU')]","[(28, 33, 'NEG'), (57, 60, 'NEU'), (130, 133, 'NEU')]"
"[(42, 47, 'NEU'), (153, 157, 'POS')]","[(42, 47, 'NEU'), (153, 157, 'POS')]"
"[(87, 90, 'NEU'), (204, 207, 'POS')]","[(56, 60, 'NEU'), (87, 90, 'NEU'), (137, 144, 'NEU'), (204, 207, 'POS')]"
"[(22, 36, 'POS')]","[(0, 5, 'POS'), (22, 36, 'NEG')]"
"[(82, 85, 'NEU'), (27, 43, 'NEU'), (74, 80, 'NEU')]","[(27, 32, 'NEU'), (74, 85, 'POS'), (118, 122, 'POS')]"
"[(41, 44, 'POS'), (4, 7, 'POS')]","[(4, 7, 'POS'), (31, 44, 'NEU')]"
"[(81, 87, 'POS')]","[(81, 87, 'NEG'), (117, 120, 'NEU')]"
"[(96, 98, 'NEU'), (47, 63, 'POS'), (4, 8, 'NEU')]","[(4, 8, 'NEU'), (33, 63, 'POS'), (68, 81, 'NEU'), (88, 98, 'NEU')]"
"[(47, 51, 'POS')]","[(4, 11, 'NEG'), (47, 51, 'NEG'), (68, 72, 'NEU')]"
"[(17, 26, 'POS'), (61, 66, 'POS'), (38, 40, 'NEU')]","[(17, 26, 'POS'), (38, 40, 'POS'), (55, 66, 'NEU')]"
"[(18, 21, 'NEU'), (123, 129, 'POS')]","[(4, 7, 'NEU'), (18, 21, 'NEU'), (123, 129, 'POS')]"
"[(4, 8, 'POS'), (63, 68, 'NEU')]","[(4, 8, 'POS'), (55, 68, 'NEU')]"
"[(67, 73, 'NEG'), (42, 46, 'NEU')]","[(42, 46, 'NEU'), (67, 73, 'NEG')]"
"[(4, 7, 'POS')]","[(4, 7, 'POS'), (55, 58, 'NEU')]"
"[(100, 104, 'NEU'), (46, 53, 'NEG')]","[(46, 53, 'NEG'), (100, 104, 'NEU')]"
"[(4, 10, 'NEG'), (41, 44, 'POS'), (41, 44, 'NEG')]","[(4, 10, 'NEG'), (41, 44, 'POS')]"
"[(45, 51, 'NEG'), (4, 10, 'POS')]","[(4, 10, 'POS'), (45, 51, 'NEG')]"
"[(70, 76, 'NEG'), (188, 196, 'NEU'), (203, 207, 'NEG'), (133, 138, 'NEU'), (188, 196, 'POS'), (70, 76, 'POS')]","[(0, 5, 'NEU'), (95, 107, 'POS'), (188, 196, 'NEU')]"
"[(56, 60, 'POS'), (4, 9, 'POS')]","[(4, 9, 'NEU'), (56, 60, 'POS')]"
"[(16, 23, 'POS'), (73, 76, 'NEU'), (73, 76, 'POS')]","[(16, 23, 'POS'), (73, 76, 'NEG'), (82, 86, 'NEG')]"
"[(184, 200, 'NEU'), (27, 33, 'NEU'), (87, 101, 'POS')]","[(27, 33, 'POS'), (40, 63, 'NEU'), (87, 113, 'NEU'), (184, 200, 'NEU')]"
"[(81, 87, 'NEG'), (138, 147, 'POS'), (100, 106, 'POS')]","[(81, 87, 'POS'), (100, 106, 'POS'), (138, 147, 'NEU')]"
"[(45, 48, 'NEU'), (22, 27, 'NEG')]","[(22, 27, 'NEG'), (113, 124, 'NEU')]"
"[(36, 47, 'NEU'), (107, 112, 'NEU'), (4, 11, 'NEG')]","[(4, 11, 'NEG'), (36, 40, 'NEU'), (107, 112, 'NEU')]"
"[(176, 192, 'NEG'), (132, 135, 'NEG')]","[(132, 135, 'NEU'), (145, 148, 'NEG')]"
"[(4, 9, 'NEG'), (70, 76, 'NEG'), (109, 112, 'NEU')]","[(4, 9, 'NEG'), (70, 76, 'NEU'), (109, 112, 'NEG')]"
"[(20, 23, 'NEU')]","[(20, 23, 'NEU'), (114, 125, 'POS')]"
"[(113, 130, 'POS'), (35, 45, 'NEU')]","[(25, 27, 'NEU'), (35, 56, 'NEU'), (58, 63, 'NEU'), (65, 68, 'NEU'), (72, 85, 'NEU'), (97, 105, 'POS')]"
"[(57, 60, 'NEG'), (0, 3, 'POS')]","[(0, 3, 'POS'), (57, 60, 'NEU')]"
"[(17, 23, 'POS'), (39, 44, 'NEU'), (173, 178, 'NEU')]","[(17, 23, 'NEG'), (39, 44, 'NEU'), (173, 178, 'NEU')]"
"[(56, 59, 'NEU'), (4, 9, 'POS')]","[(4, 9, 'NEG'), (56, 59, 'NEU')]"
"[(4, 7, 'NEU'), (13, 16, 'POS'), (48, 64, 'POS')]","[(13, 16, 'NEU'), (34, 42, 'POS')]"
"[(10, 13, 'NEU'), (58, 61, 'NEG'), (17, 17, 'NEU'), (15, 20, 'NEU'), (15, 20, 'NEG')]","[(15, 20, 'NEU'), (58, 61, 'NEG')]"
"[(75, 83, 'NEU'), (56, 63, 'NEG')]","[(33, 50, 'NEU'), (56, 63, 'NEG')]"
"[(186, 199, 'POS'), (20, 41, 'POS')]","[(4, 7, 'POS'), (20, 23, 'NEU'), (78, 102, 'POS'), (140, 145, 'POS'), (186, 199, 'POS'), (213, 231, 'POS'), (245, 259, 'POS'), (264, 268, 'POS'), (289, 309, 'POS'), (334, 338, 'POS')]"
"[(46, 59, 'NEU'), (125, 130, 'NEU')]","[(46, 52, 'NEU'), (85, 96, 'NEU'), (125, 130, 'POS')]"
"[(4, 9, 'POS'), (49, 53, 'NEU'), (59, 63, 'NEU')]","[(4, 9, 'POS'), (49, 53, 'NEU')]"
"[(16, 21, 'NEG'), (46, 50, 'NEU')]","[(16, 21, 'NEG'), (86, 90, 'NEU')]"
"[(111, 117, 'NEU'), (6, 10, 'POS')]","[(6, 10, 'POS'), (111, 117, 'NEU')]"
"[(8, 13, 'NEG'), (55, 58, 'NEU')]","[(8, 13, 'POS'), (55, 58, 'NEU')]"
"[(123, 127, 'POS')]","[(59, 65, 'NEU'), (123, 133, 'POS')]"
"[(55, 61, 'NEG'), (27, 32, 'NEG')]","[(27, 32, 'NEG'), (55, 61, 'POS')]"
"[(56, 61, 'NEG'), (4, 10, 'NEG'), (29, 32, 'NEU')]","[(4, 10, 'NEG'), (29, 32, 'NEU')]"
"[(54, 56, 'NEU'), (123, 126, 'POS')]","[(54, 56, 'NEU'), (123, 126, 'NEG')]"
"[(58, 62, 'NEG'), (42, 48, 'NEG')]","[(30, 33, 'POS'), (42, 48, 'POS'), (58, 62, 'NEG')]"
"[(125, 137, 'POS'), (32, 38, 'POS')]","[(20, 23, 'POS'), (32, 38, 'POS'), (96, 114, 'NEG'), (125, 144, 'NEG')]"
"[(79, 85, 'NEG'), (103, 107, 'NEU')]","[(66, 69, 'NEG'), (103, 107, 'NEU')]"
"[(115, 123, 'NEG'), (89, 94, 'NEU')]","[(20, 25, 'NEG'), (115, 123, 'NEU')]"
"[(21, 24, 'POS'), (64, 68, 'NEG')]","[(21, 24, 'POS'), (64, 68, 'NEG')]"
"[(77, 81, 'NEU'), (42, 49, 'NEG')]","[(42, 49, 'NEG'), (65, 68, 'NEU'), (77, 81, 'NEU')]"
"[(95, 98, 'NEU'), (16, 23, 'NEG')]","[(16, 23, 'POS'), (114, 117, 'NEU')]"
"[(8, 16, 'NEG')]","[(8, 16, 'NEU'), (42, 54, 'NEG')]"
"[(4, 13, 'POS'), (114, 118, 'NEU'), (105, 108, 'NEU')]","[(4, 13, 'NEG'), (114, 118, 'NEU')]"
"[(4, 9, 'NEG'), (41, 44, 'NEU')]","[(4, 9, 'NEG'), (41, 44, 'NEU'), (69, 74, 'NEU')]"
"[(59, 71, 'POS')]","[(59, 71, 'POS'), (107, 110, 'NEU')]"
"[(41, 43, 'NEU'), (9, 12, 'POS')]","[(9, 12, 'NEU'), (33, 43, 'POS'), (59, 74, 'POS')]"
"[(151, 155, 'NEU'), (151, 155, 'POS')]","[(32, 38, 'NEU'), (40, 44, 'NEU'), (151, 160, 'NEG'), (151, 155, 'NEG')]"
